id,first_name,last_name,email,phone,age,city,country
1,Valerie,Jones,clee@example.net,(574)437-4717,70,Patrickfort,Romania
2,Nicholas,Clayton,edavis@example.org,001-397-488-7146x33168,71,Colonview,Colombia
3,Erin,Hogan,john39@example.org,625-662-8080x81423,20,Carrfort,Mexico
4,Duane,Wilson,velasquezrichard@example.net,713.218.3934x176,31,Rebeccaton,Ghana
5,Robert,Ramsey,ganderson@example.net,001-758-712-4357x95579,24,Abbottchester,Austria
6,Aimee,Ballard,michael27@example.org,883-840-7278,72,Victorview,Bouvet Island (Bouvetoya)
7,Lisa,Carter,benjamin77@example.net,+1-247-278-9455,19,Andrewfurt,Saint Vincent and the Grenadines
8,Tristan,Hall,ramseyhaley@example.net,+1-868-239-7174x86770,19,Port Andrew,Saint Martin
9,Laura,Morales,madison13@example.com,551-863-7842,49,South Jasonstad,Netherlands
10,Michael,Rios,weberrandy@example.com,9427529386,36,Jenkinston,Libyan Arab Jamahiriya
11,Karen,Swanson,austin06@example.net,570.263.3448x6127,56,North Shaneberg,Russian Federation
12,Tammy,Whitehead,oneillmark@example.net,2042940111,26,West Joycefurt,Kiribati
13,Paul,Mccarty,jerryayers@example.net,+1-839-772-0284x9946,78,Nancyview,Kyrgyz Republic
14,Jason,Pham,isaacfitzpatrick@example.org,530.874.9076x793,56,North Victoriaton,Mayotte
15,Robert,Jackson,bgonzalez@example.org,+1-521-668-2836x48136,30,East Kenneth,Ireland
16,Marcus,Garcia,vaughnmatthew@example.net,447-902-3410x863,59,Christinemouth,Djibouti
17,Brian,White,chunter@example.net,001-420-255-0060x3863,60,South Kimberly,Australia
18,Thomas,Fleming,dglenn@example.net,453-759-0582x00508,75,East Michellestad,India
19,Zachary,Nixon,fowlertammy@example.org,553.301.6689x165,19,Barbaraburgh,New Caledonia
20,Zachary,Martin,nicole49@example.org,634.487.5016x57703,23,Stephenfort,Belize
21,Brittany,Burton,bdean@example.net,504-503-4673x20668,46,Port Rachelville,Libyan Arab Jamahiriya
22,Joseph,Campbell,nwright@example.net,656-814-3966x189,30,New Natalie,Senegal
23,John,Williams,baxterstephen@example.org,(418)406-0088x9830,37,Anthonyland,Albania
24,Charles,Roberson,christopher59@example.net,(824)925-5279x7195,49,Palmerhaven,Venezuela
25,Tara,Guerrero,derekcampbell@example.com,+1-284-238-3280,66,Port Deanna,Chile
26,James,Chapman,gflores@example.com,001-665-775-9333x8641,27,Shepherdfort,Zambia
27,Amy,Thornton,christina47@example.com,(392)933-3984x483,69,Johnfort,French Guiana
28,Valerie,Hayden,michael67@example.org,001-903-301-9650,60,Elizabethtown,Cook Islands
29,Mary,Stephens,aprilfernandez@example.net,326-668-5372x1108,22,Kimberlybury,Mauritius
30,Deborah,Rosales,wdavis@example.net,306-716-6459,65,Elizabethchester,Spain
31,Gregg,Haynes,lisaroberts@example.com,809.943.6444,40,Amandachester,Bangladesh
32,Kevin,Lyons,spencerturner@example.net,+1-501-848-4794x072,72,Jenniferton,Saint Vincent and the Grenadines
33,Robert,Hart,michellesnyder@example.net,586-233-0968,42,Hectorland,Liberia
34,Katelyn,Butler,reesedonna@example.com,(631)359-0556x36316,53,Moorestad,Uzbekistan
35,Linda,Gutierrez,psmith@example.com,001-999-785-4764x963,67,Masseychester,Malta
36,Jasmine,Acevedo,dustin76@example.com,+1-905-653-9371,77,Jamesberg,Eritrea
37,Michael,Long,catherine71@example.com,729-675-9244x733,22,Lake Jesse,Lebanon
38,Johnny,Garza,lhoward@example.net,7352810726,75,Danielmouth,Argentina
39,Ryan,Wade,yromero@example.com,001-305-771-1003x327,52,New Jeffreyborough,Vietnam
40,Jeffrey,Bradford,ypayne@example.org,(368)879-5391,68,New Jeffrey,Romania
41,Bruce,Rodriguez,markburnett@example.org,001-263-485-7441,31,Amandaton,United Arab Emirates
42,James,Smith,havila@example.net,001-620-356-1981x8038,72,New Brandon,Czech Republic
43,Anita,Oconnor,lindsay13@example.org,001-835-522-5369x33186,71,West Timothy,Palestinian Territory
44,Kara,Horton,john95@example.net,803-990-9065,51,Martinezchester,Liechtenstein
45,Kaitlyn,Caldwell,aprilthompson@example.net,357-646-8983x488,52,Escobarburgh,Cape Verde
46,John,Pruitt,jasonsmith@example.com,(312)844-0156,19,Amberborough,Guadeloupe
47,Xavier,Hobbs,janetyang@example.org,(724)801-4675x1922,78,Tuckerhaven,Lebanon
48,Deborah,Hampton,fhall@example.org,448-726-2421,54,West Nicholastown,Italy
49,Eric,Williamson,rwilkins@example.com,(628)959-0717x5968,19,Mcguireside,Chad
50,David,Valdez,mcdowelleric@example.net,001-608-700-9733x924,64,North Vanessa,Pitcairn Islands
51,Jeffery,Hanson,stevenespinoza@example.org,+1-918-793-7036x7625,25,Lake Brianmouth,Tunisia
52,Kimberly,Mitchell,kennethtaylor@example.net,(840)281-9446,37,New Ericmouth,Sudan
53,Aaron,Noble,pperez@example.org,(368)869-3744,42,North Samanthaton,Tunisia
54,Molly,Silva,uaustin@example.net,(546)633-3670,53,South Matthewmouth,Morocco
55,Stacey,Armstrong,robersonrobert@example.net,(507)487-4272x887,29,West Brian,Tokelau
56,Brenda,Rodriguez,juan21@example.org,869-542-1714x252,42,Port Adrianamouth,Martinique
57,James,Madden,anna14@example.org,665-314-0827x11846,71,West Douglas,Western Sahara
58,Kimberly,Patel,deckercynthia@example.org,474-584-8045,68,Natashastad,South Georgia and the South Sandwich Islands
59,Jessica,Powell,vwyatt@example.com,+1-910-606-0694x9980,29,Hughesstad,Norway
60,Ashley,Baker,tammie49@example.com,218-417-5431,60,Sherriborough,Antigua and Barbuda
61,Vanessa,Green,kelleychristopher@example.com,985-975-2445x102,70,New Ryanland,Honduras
62,Lauren,Rollins,benjaminwilliams@example.com,643.242.5055x49303,34,West Alexander,Tokelau
63,Sean,Perry,sandersjesus@example.com,(802)935-0619,57,Daviston,Uruguay
64,Valerie,Nelson,bpalmer@example.net,+1-940-609-5396x33648,65,Reedburgh,Vietnam
65,Joshua,Sherman,jessicarice@example.net,374-639-1257,80,Moyerton,Algeria
66,Kathryn,Barnes,griffinjulia@example.com,+1-637-778-7049,45,Port Kathleentown,Senegal
67,Julia,Hale,david99@example.net,+1-953-313-9475x081,46,Derrickside,Bahamas
68,Kendra,Young,samanthawallace@example.net,235.607.2451x860,73,East Nicholasside,Sierra Leone
69,Ellen,Curry,emily37@example.org,(842)933-9840x81771,68,East Jennifer,Ethiopia
70,Ashley,Martinez,ryanbooth@example.org,+1-386-888-6073x9085,64,North Anita,Namibia
71,Tamara,Newton,franklincarter@example.com,001-348-681-2155x5299,25,Davidport,Congo
72,Daniel,Brown,alexanderlatoya@example.org,3518409417,34,Gibsonside,French Polynesia
73,Thomas,Hodges,kathybutler@example.org,994-758-8625,24,North Antonio,Papua New Guinea
74,Abigail,Sims,cleonard@example.net,(208)814-3977,31,Victorbury,Nigeria
75,Luis,Brown,williamburke@example.net,8285548182,80,South Deanna,Comoros
76,William,Gilbert,bnewman@example.org,975.438.7475,51,Rhodesborough,Pakistan
77,Jasmine,Reeves,richard49@example.net,(234)256-2673,71,Jakechester,Iceland
78,Rhonda,Shelton,hernandezamanda@example.net,(522)207-3026x970,35,Port Anne,Greece
79,Sean,Smith,carmensanders@example.com,(463)758-9981,57,Nancyside,Tokelau
80,Tyler,Kim,amandamontoya@example.net,288-270-7611x46747,69,Johnsonborough,British Indian Ocean Territory (Chagos Archipelago)
81,Jennifer,Cook,joannaflores@example.org,001-490-574-7304,59,Jonathanside,Zimbabwe
82,Eric,Lee,morgan71@example.net,620-626-4242x9522,20,West Juliefurt,Lesotho
83,Matthew,Haynes,taylorcourtney@example.com,608-709-7264x689,20,Port Candice,Guadeloupe
84,Tammy,Peterson,kaylagraves@example.org,+1-682-906-3988x942,65,Port Davidberg,Nicaragua
85,Jacqueline,Day,julie86@example.net,253.530.9827,40,Susanfurt,Congo
86,Angela,Lee,shawn52@example.org,+1-457-840-8824x7567,64,Lake Trevor,Philippines
87,Stefanie,Raymond,tracygonzalez@example.com,3607078075,22,South Abigail,Kuwait
88,Michael,Hines,katrinairwin@example.net,+1-766-414-7438x800,51,Callahanmouth,Syrian Arab Republic
89,Christopher,Smith,phogan@example.net,519-938-7807,53,Lake Virginiaside,Tuvalu
90,Carol,Obrien,tmiller@example.org,337.996.1971x40929,71,South Jeffrey,San Marino
91,Joseph,Black,mckenzie21@example.org,562.693.6825,24,West Maryburgh,Heard Island and McDonald Islands
92,Christopher,Simpson,markhopkins@example.com,599.209.5427x2023,52,South Brenda,Korea
93,Teresa,Collins,marcusrose@example.org,+1-568-322-5593x322,24,Riveraport,Monaco
94,Jamie,Lucas,joannpoole@example.org,(345)427-9657,27,Port Julie,Jersey
95,Christopher,Mitchell,welchjennifer@example.net,5659585212,70,North George,Venezuela
96,Michael,Hart,ibrady@example.net,994.246.2765,39,Port Alexa,Saint Pierre and Miquelon
97,Danielle,Scott,wgreene@example.net,675.223.6939,73,New Kathryn,Mali
98,Michael,Rivera,glendatucker@example.com,(552)574-5556,55,Bryceville,Oman
99,Jaime,Blake,jacquelinearnold@example.net,001-373-654-7137x60065,27,Downsbury,United Kingdom
100,John,Caldwell,dustinlucas@example.net,(629)991-9366x20345,30,Lake Courtneytown,Russian Federation
101,Michael,Stevens,cmurphy@example.org,261-618-1132,79,West Nicholasstad,Dominica
102,Justin,Nguyen,walshcarol@example.com,664.235.0000,53,Thomasberg,Faroe Islands
103,Mariah,Martin,benjaminkaren@example.org,001-473-778-4806x3729,78,North Michaelville,Saudi Arabia
104,Paula,Patterson,bentonfrank@example.org,4766127145,52,Crossport,Wallis and Futuna
105,Adam,Chavez,juarezjacqueline@example.net,+1-834-750-3301x0956,71,Emilyton,Vietnam
106,John,Johnson,sarah30@example.net,405.822.5976,28,New Christianfort,Serbia
107,Darlene,Mckinney,fordjamie@example.com,482.901.8359,56,Brittanyfort,Ireland
108,Nicole,Kirk,lreeves@example.net,(330)452-7804x703,32,Lake Elizabethland,Togo
109,Amber,Sharp,clarksharon@example.org,001-572-302-1255x37908,35,North Chad,Norway
110,Austin,Shaw,cindyreese@example.org,+1-386-490-5929x7897,38,Skinnerburgh,San Marino
111,James,Ware,robinsonjessica@example.net,9893480748,38,Greenhaven,Bermuda
112,Michelle,Dodson,stanleyadams@example.net,+1-993-821-1386x30233,74,Jenniferfurt,Bolivia
113,Amber,Daniels,hward@example.com,7546266526,30,Brianmouth,Suriname
114,Scott,Henry,marcryan@example.net,001-778-967-8602x735,54,West Michelletown,Kenya
115,Stephen,Jones,jeremygrimes@example.org,547-584-8668,56,Danielmouth,Congo
116,Jamie,Davis,emily28@example.net,001-877-241-1257x8697,56,Kristenberg,Bulgaria
117,Mitchell,Fisher,jeffcarroll@example.com,418.466.9525x9518,36,Lake Bryanshire,Poland
118,Stephanie,Padilla,michael53@example.org,804.965.8273x39103,79,New Edward,Mongolia
119,Sarah,Cook,nelsonedward@example.com,+1-456-489-1002x2385,46,North Emilyfort,Nepal
120,Mary,Moore,vjordan@example.com,357-215-2174x855,47,Courtneybury,Rwanda
121,Christine,Medina,jennyfisher@example.com,+1-526-987-0605x2418,78,Carrview,Macao
122,Gary,Rogers,charlesjohnson@example.net,3798103262,57,North Amy,Anguilla
123,Andrew,Mann,bradyjoel@example.net,855-360-9908x980,60,Port Daniellehaven,Pitcairn Islands
124,Michelle,Ferguson,carlmathews@example.org,400.591.7047x68293,34,Port Jennifer,Ireland
125,Cassandra,Lloyd,alexandraritter@example.com,4394084269,66,West Bobfurt,Gabon
126,Max,Castro,susanhamilton@example.org,9514689336,73,Kevinfurt,Solomon Islands
127,Kimberly,Vance,jack13@example.com,481-482-1568x57968,43,Christinabury,France
128,Jeffrey,Pennington,perezelizabeth@example.net,(764)883-5154,28,Lake Benjaminside,Gabon
129,Natalie,Mcdaniel,kimelizabeth@example.com,001-868-923-4219,26,Reeseshire,Montserrat
130,Oscar,Ray,rmercer@example.net,7469219009,24,Lake Lisafurt,Cocos (Keeling) Islands
131,Julia,Peterson,cwilliams@example.com,001-823-965-3930,69,East Heatherborough,Lao People's Democratic Republic
132,Scott,Bullock,tsimpson@example.org,+1-205-495-9526x249,70,West Kimberly,Cocos (Keeling) Islands
133,Daniel,Thomas,dclark@example.net,+1-636-884-3455,37,West Cristianview,Samoa
134,Ryan,Torres,ralphlloyd@example.net,205-983-1995x7190,64,Dianeshire,Netherlands Antilles
135,Kelly,Cox,mbrown@example.org,(648)906-3749x4119,73,New Jill,Reunion
136,Timothy,Hoover,carrie49@example.com,(257)970-8314x0401,51,Port Christinabury,Gambia
137,Hunter,Vargas,ybrown@example.net,565-845-3035x74239,59,North Hollyborough,Falkland Islands (Malvinas)
138,Michael,Barker,schaeferkimberly@example.org,+1-932-488-5984x1024,61,Fisherburgh,Isle of Man
139,Jessica,Anderson,ronaldcollins@example.com,790-492-1808,35,West Theresa,Serbia
140,Jessica,Chen,thudson@example.org,963-262-6300,40,Port Sandra,Nepal
141,Kelly,Vasquez,melissa93@example.com,001-501-421-3826,60,Mirandafurt,Fiji
142,Kenneth,Mccullough,john50@example.org,322-976-0867,67,Brownshire,United Kingdom
143,Brandon,Hill,sdavis@example.com,3882080098,56,Lake Holly,Bahrain
144,Stacey,Conway,derrickjohnson@example.org,473.551.3247,49,Kimberlyfort,Kuwait
145,Kimberly,Collins,nblevins@example.net,7374699116,25,Nicholsonton,Comoros
146,Linda,Stone,greenrachael@example.net,731-429-5210x4807,41,Staceymouth,Svalbard & Jan Mayen Islands
147,Jonathan,Cain,wsmith@example.com,(891)613-8299,18,South Jacquelineville,Saint Martin
148,Maria,Jenkins,aallen@example.net,784.887.8936x8646,79,Hollandland,Mongolia
149,Jeremy,Garcia,matthewschneider@example.net,988-881-8409x798,60,North Jeremy,Kenya
150,David,Wallace,justinholmes@example.net,+1-786-306-6203,80,South Charleschester,Indonesia
151,Jasmine,Mendoza,lisa22@example.com,+1-233-909-4857x719,80,Ellisonside,San Marino
152,Colleen,Johnson,kim58@example.com,001-991-525-2585x545,42,Jenkinsmouth,Iran
153,Cheryl,Cooper,jonathanhernandez@example.com,+1-499-774-5137,19,Clineport,Philippines
154,Johnny,White,richardsmith@example.com,5546285581,48,Nicholasview,Niger
155,Robert,Wallace,chloe79@example.net,+1-866-374-3666,64,Gibbstown,Congo
156,Ronnie,Barrera,sarah05@example.org,(887)934-4100x759,67,Taylorview,Bulgaria
157,Traci,Johnson,ecastillo@example.com,001-296-510-2584,18,Stevenburgh,Luxembourg
158,Stephanie,Hernandez,amandamoore@example.net,001-297-365-0238x074,52,South Debra,Liberia
159,Stephanie,Shepard,juliemiller@example.com,(354)905-1813x8582,30,Carterport,Poland
160,Ashley,Fields,victoria06@example.net,553.898.7639x92029,21,New Christopherport,Liberia
161,Sharon,Coleman,nphillips@example.net,(727)719-2152x605,37,Stevensland,Philippines
162,Jamie,Mccann,qjacobs@example.org,(532)543-0679,27,Anthonyshire,Madagascar
163,Curtis,Riley,xgonzalez@example.org,427.641.0877,29,Adammouth,Kuwait
164,Jonathan,Richard,david56@example.com,001-726-792-5586x062,44,Pinedaport,Saint Helena
165,Cynthia,Wells,fuentescarrie@example.net,555.691.4689,78,Leefort,Honduras
166,Joseph,Gardner,tortiz@example.org,860.925.1980x14920,29,Karenville,United States Virgin Islands
167,Joshua,Klein,allenjon@example.org,522.990.8874x475,55,Williamston,Svalbard & Jan Mayen Islands
168,Brenda,Lynch,stacywalker@example.com,+1-287-926-4441x18900,69,Brownport,Algeria
169,Christopher,Bell,andrewsmichael@example.com,604.436.1172,62,Seanview,Tokelau
170,Kyle,Williamson,gomezbobby@example.net,(238)383-2827x37031,76,Theresaburgh,Kyrgyz Republic
171,Michael,Jones,jared54@example.com,+1-470-272-6952x7124,27,North Luishaven,France
172,Megan,Bailey,nelsonmichael@example.org,001-967-752-5109,42,South Raymondmouth,Algeria
173,Scott,Houston,christopher80@example.com,(704)927-6947x237,42,East Bradleyview,Greece
174,Sandra,Nelson,omar57@example.org,939-678-0088x32936,73,South Gloria,Congo
175,Maria,Stanley,nicholas11@example.net,(956)850-0129,60,West Justin,Taiwan
176,Rachel,Harris,elliswilliam@example.org,723-715-3430x39314,39,Marcusland,Costa Rica
177,George,Martinez,mwalter@example.org,683-732-0149x9594,56,South Mariamouth,Seychelles
178,Crystal,Torres,vlloyd@example.com,7389666120,72,Lake Whitney,Hong Kong
179,Holly,Contreras,tina48@example.org,5518024293,68,Suzanneshire,Suriname
180,Samuel,Haynes,amanda58@example.org,(344)882-3494,42,New Joe,Saint Martin
181,Karen,York,michael83@example.com,397.247.7942,22,East Troy,Palestinian Territory
182,Devin,Bennett,kevinsmith@example.net,691.396.0606x5802,68,Morganton,Saint Barthelemy
183,Joshua,Perry,jennifer69@example.net,960-787-1048,75,Marieland,Cote d'Ivoire
184,David,Williams,snovak@example.net,+1-373-561-8121x0345,34,Austinchester,Eritrea
185,Tiffany,Crawford,leroysanchez@example.org,+1-994-221-5020x315,43,Jonesport,Chad
186,Kim,Taylor,kmitchell@example.net,001-294-334-9636x4179,34,Port Danielhaven,Kyrgyz Republic
187,Ashley,Hill,ayerssydney@example.com,001-411-492-9727,72,Brownside,Luxembourg
188,Karen,Murray,jennifertaylor@example.com,580.461.3039,37,Martinezfurt,Montenegro
189,Laura,Reed,joshuacollins@example.com,2499560536,51,East Melissaport,Ireland
190,Andrew,Wilson,lori73@example.net,(245)895-2301x70833,24,West David,China
191,William,Owens,kayla85@example.org,213-883-0086,47,South Melissa,Central African Republic
192,Tara,Wells,huffmandaniel@example.com,501-509-9115x7504,31,Lake Elizabethshire,Ecuador
193,David,Doyle,barberalexis@example.com,+1-317-362-3852x8739,48,New Debbieshire,Egypt
194,Jason,Johnson,sandra77@example.org,(603)582-7030,39,Leonardview,Mexico
195,Justin,Ramos,booneeric@example.com,(692)782-3015x6943,51,Kimberlyton,Montserrat
196,John,Kaiser,richard96@example.com,001-584-887-9069x05024,71,North Sabrinaville,Angola
197,Theresa,White,ericspencer@example.com,+1-659-554-1448x10628,34,Port Dorothyberg,Congo
198,Kevin,Nelson,allisonmoore@example.org,+1-665-210-7480x51658,44,Martinezside,Jordan
199,Mary,Smith,richardcastro@example.net,608.377.4348x58708,37,Priceburgh,Faroe Islands
200,Jackson,Gould,zwallace@example.com,386.299.1162x6178,76,Port Marialand,Croatia
201,Eric,Morrow,howardrachel@example.com,+1-432-931-5225x166,62,Davidsonstad,Paraguay
202,Matthew,Rush,misty18@example.com,+1-675-775-7238x026,56,South Pamelachester,Iceland
203,Kevin,Walters,cjohnson@example.net,514.210.0689x873,72,Danielview,Libyan Arab Jamahiriya
204,Lisa,Pena,adrian84@example.org,001-546-743-1515,80,North Sarastad,Kuwait
205,Lisa,Davis,stephaniecross@example.net,612.563.5104x3854,35,South Dominiqueshire,Iran
206,Stacy,Velasquez,mitchellcruz@example.net,(550)532-3091,33,Lake Robertborough,Norway
207,David,Yates,rachel02@example.org,(821)497-3383,47,Floresmouth,Finland
208,Joanna,Shields,jenna70@example.com,001-930-400-3221x772,52,Russellburgh,New Zealand
209,Debra,Carey,brandonsmith@example.com,001-217-356-9523x912,67,West Paigeville,Mongolia
210,Kyle,Wolfe,tonyhouston@example.net,001-239-203-6510,37,Patrickburgh,Bolivia
211,Stephanie,Cortez,garzalisa@example.com,483-352-1110,47,Pottermouth,Belize
212,Timothy,Bean,brandi55@example.net,7629367796,64,South Brandon,British Virgin Islands
213,Samuel,Hancock,chelsealittle@example.org,001-528-661-1503x4321,44,South Jeffrey,Samoa
214,Carlos,Werner,ashleystone@example.com,251-284-1044,76,Brookeburgh,Colombia
215,Laura,Taylor,stuarttaylor@example.org,839-617-7933x5581,53,East James,Haiti
216,Tammy,Mercado,jodi95@example.org,+1-213-679-8799x7555,31,West Taraview,Thailand
217,Austin,Kim,esalinas@example.org,(222)562-8253,34,Lake Linda,Finland
218,William,Vaughn,andrea17@example.net,001-467-838-2471x21829,40,Michaelberg,Georgia
219,Tammy,Turner,rglover@example.org,285-615-4962x646,25,Heatherfurt,Libyan Arab Jamahiriya
220,Stephanie,Salinas,antonio48@example.com,751.362.3965,77,Duncanfort,Syrian Arab Republic
221,Samuel,Fitzgerald,thomashernandez@example.org,967.816.9687x0237,48,Davishaven,Eritrea
222,Nicholas,Monroe,lbrewer@example.org,(779)976-4024x7962,61,South William,Montserrat
223,Melissa,Little,benjamin06@example.com,+1-387-947-1464x614,55,New Luis,New Caledonia
224,Christopher,Kelley,cunninghamangela@example.com,001-646-258-7197x648,71,Port Christopherton,Puerto Rico
225,Debbie,Williams,westcameron@example.org,4269685686,61,Thomasberg,Andorra
226,Amy,Richmond,michelle90@example.org,315.961.0281,63,Samanthaton,Kenya
227,William,Gould,zacharygilbert@example.net,773.935.5216,39,Bellville,San Marino
228,Isaac,Dean,jacksontroy@example.org,(808)622-7790,54,New Crystal,Sweden
229,Samantha,Griffin,uaguilar@example.org,(334)284-8010x18643,24,Lake Francesfort,Wallis and Futuna
230,Sheri,Howard,jacksonmarcus@example.net,(908)797-9390,66,Bateston,Bermuda
231,Tricia,Merritt,lewisgregory@example.com,(444)561-1802x962,38,New Katherine,Afghanistan
232,Sarah,Mills,shelia19@example.com,529.934.2150,20,Fletcherburgh,Mauritania
233,Michael,Hardy,griffinlinda@example.net,330-491-8103x319,34,Port Victoriashire,Afghanistan
234,Tracy,Sanchez,charles77@example.org,(922)628-8014,29,Jessicaburgh,Kazakhstan
235,Monica,Hudson,mcoleman@example.org,+1-389-414-8301x7878,27,Davidbury,Rwanda
236,Allison,Olson,millerstephanie@example.com,(743)449-2330,74,South Dannyview,Nicaragua
237,Hannah,Anderson,nhaney@example.net,821-497-4345,71,Tylerberg,Moldova
238,Stacy,Thornton,bbutler@example.com,719-371-0640x68119,64,Martinmouth,Nepal
239,Erika,Richardson,wbrooks@example.net,292-577-1190x427,73,North Mark,Korea
240,Douglas,Mayer,juan43@example.net,+1-751-334-9724x1881,75,Lake Steven,Hungary
241,Erica,Lynn,justinevans@example.net,348.894.1378x0354,60,Carlosshire,Aruba
242,Kathryn,Torres,barbaraharris@example.com,5214822558,37,Lake Kathy,Greenland
243,Victoria,Mullen,wthompson@example.net,(609)393-9427,47,South Kariside,Western Sahara
244,Madison,Jones,lhernandez@example.org,6694970262,71,Whiteburgh,Bermuda
245,Cindy,Meyer,ehernandez@example.com,380.388.0496,58,Barnesberg,Slovakia (Slovak Republic)
246,Stanley,Alvarez,fredericktimothy@example.net,774-562-8240,18,Wuside,Macao
247,Shawn,Chen,kmiller@example.com,+1-526-533-4580x9295,45,Lake Thomas,Holy See (Vatican City State)
248,Cory,Garcia,joshuataylor@example.org,762.517.9817,19,Dudleyshire,Rwanda
249,James,Bowman,adixon@example.org,421.935.1245x6246,66,Williamstown,Bolivia
250,Diana,Rice,leejose@example.net,001-768-377-7958x2805,61,Maryside,Denmark
251,April,Mosley,eric86@example.net,+1-764-847-6152x11806,21,West Alisonport,Bahrain
252,Thomas,Glass,walkerrichard@example.com,290.791.7054x0021,29,East Jason,Tanzania
253,Chris,Thornton,johnsstephen@example.net,001-550-530-1920,26,Staceychester,Armenia
254,Brianna,Miller,gburton@example.com,001-856-315-2456x5474,55,Davidhaven,Cyprus
255,Cathy,Ibarra,todd65@example.net,001-847-768-9438x8928,19,West Nicole,Myanmar
256,Brandon,Kent,oedwards@example.com,001-617-737-3674x65219,41,Alexandermouth,Senegal
257,Gary,Davenport,kgregory@example.net,001-464-579-5037x6367,39,Bradytown,Korea
258,Martin,Lamb,kirkrobinson@example.net,001-226-969-1400x61243,80,South Bonnieland,Finland
259,Pamela,Frost,sharonsullivan@example.com,001-874-554-8602x89832,61,Lake Zachary,Seychelles
260,Brendan,Adams,andrew89@example.org,(988)533-6655x6963,33,South Paul,Tokelau
261,Justin,Peck,thompsonsteven@example.org,801-240-7136x0040,22,Lake Marcia,Uruguay
262,Jennifer,Lewis,toddhenderson@example.org,(726)647-6981,67,Washingtonland,Grenada
263,Angela,Kent,lewiskyle@example.com,(959)564-4575,26,Norrisberg,Guatemala
264,Heather,Smith,fuentesmichael@example.org,+1-932-344-4080x94274,76,East Thomas,Maldives
265,Kendra,Solis,ckelly@example.org,+1-548-759-0004x68342,39,Taylorchester,Svalbard & Jan Mayen Islands
266,Justin,Gray,marieterrell@example.com,+1-927-278-7369x474,22,Georgetown,Chile
267,Katie,Adams,nallen@example.net,307.806.2594,55,Jillianmouth,Netherlands Antilles
268,James,West,rellis@example.net,4596951512,67,New Monica,Poland
269,Eric,Rodgers,williamskim@example.com,465-607-4311x218,66,Ortegahaven,Brunei Darussalam
270,Rhonda,Montgomery,michelleadams@example.net,3367192404,66,Danielside,Slovakia (Slovak Republic)
271,Tammy,Morgan,philip13@example.net,(808)448-0180,69,Hendersonhaven,Macao
272,Cindy,Blankenship,jesus62@example.com,830.293.5479x92275,70,New Hannahborough,Cape Verde
273,Laura,Palmer,farmerderek@example.org,001-472-572-6623,73,Lisatown,Congo
274,Jessica,Walton,meaganmaynard@example.net,+1-475-220-1742x085,79,Timothybury,Cuba
275,Kelly,Meyer,johnny74@example.org,(871)819-5152x1203,63,Richardsonburgh,Algeria
276,Vincent,Hamilton,tamijohnson@example.net,822-469-5845,24,Brandystad,Montenegro
277,Ashley,Richardson,qhunt@example.org,506-597-3157x697,70,New Robert,United Arab Emirates
278,Michael,Butler,jasonhart@example.com,635-488-0350x7438,48,Powerschester,Guatemala
279,Kimberly,Wilkins,jennifergarrett@example.net,333-879-7406x34532,20,Lake Katrinamouth,Hong Kong
280,Laura,Wolf,kirkmelanie@example.net,(720)303-7436,44,Port Dana,Costa Rica
281,Sean,Merritt,halleric@example.com,001-848-312-5169x295,28,Port Ethan,Burkina Faso
282,Steve,Wilson,xsoto@example.com,784.273.5225x769,18,Stephensonborough,Finland
283,Katherine,Horton,hallen@example.net,+1-220-533-8580x164,75,Lake Sheilaville,Algeria
284,John,Ramirez,kperry@example.org,636.927.7312x8195,27,Lake Matthewberg,Dominica
285,Annette,Sampson,mortonmichael@example.net,+1-506-633-8480x9001,53,North Jim,Estonia
286,Lisa,Kane,yjones@example.com,+1-495-572-0622x24452,53,Lake Jasmine,Christmas Island
287,Courtney,King,timothynorris@example.com,950.605.1309,21,Laurastad,Cameroon
288,Kelly,Carter,brownanna@example.net,+1-833-898-6730x723,46,West Elijahshire,Dominican Republic
289,Jesse,Powell,carla80@example.org,001-368-655-6997x0530,46,Lake Brianna,Paraguay
290,Jonathan,Gutierrez,allison70@example.net,+1-628-647-6242x8657,80,Kristinfort,Mali
291,Jacob,Delgado,bolsen@example.net,976.333.2335,37,Angelaville,Ecuador
292,Cynthia,Parker,morgan08@example.net,(909)358-9153x20062,72,Tammyville,Timor-Leste
293,Tammy,Perry,parkertyler@example.org,(526)590-0628,75,East Amanda,Dominica
294,Brandon,Henderson,klogan@example.net,411.223.1948x527,22,Williamsfurt,Guinea-Bissau
295,John,Ramirez,jenniferwilson@example.org,(873)891-3562,41,New Erin,Tokelau
296,Howard,Goodwin,dwall@example.net,691.979.2545x66826,73,Jenniferfort,France
297,Kevin,Knox,dana05@example.org,738-388-6864,40,Floresville,Gibraltar
298,David,Johnson,youngmorgan@example.org,001-325-425-4136x143,71,Loganhaven,British Virgin Islands
299,James,Gibson,qhawkins@example.net,(703)666-4904,70,West Cynthia,Peru
300,Victor,Sawyer,simpsonandrew@example.org,207.273.5885x44737,77,West Larryfurt,Uzbekistan
301,Erica,Zhang,kayla70@example.com,235-520-7235,26,Port Kara,New Caledonia
302,Clifford,Reeves,donaldhunter@example.com,819.795.2135x34247,40,Gallowayburgh,Vanuatu
303,Adam,Perez,mmiller@example.com,814.779.2282x5127,20,Myersmouth,Indonesia
304,Christopher,Turner,xallen@example.org,001-336-529-2721,34,Chasechester,Burundi
305,Andrea,Smith,gibbsjames@example.org,(990)450-9859x9952,40,Bushport,Philippines
306,Michael,Davis,kylehall@example.net,788.846.2189x16243,49,Alexandrafurt,Syrian Arab Republic
307,Ashley,Simmons,youngjonathan@example.net,+1-888-418-9505x97170,42,New Lisa,Pakistan
308,Eric,King,nroberts@example.com,(663)585-1948x2493,37,Michellechester,Ecuador
309,Jesse,Clark,simpsonallison@example.net,306.502.6529x50595,61,Simmonsshire,Libyan Arab Jamahiriya
310,Christopher,Rivera,trevor04@example.net,+1-619-637-6577,31,Mccartyborough,Syrian Arab Republic
311,Judith,Riley,brittneybailey@example.com,+1-311-540-9784,75,Lake Leahberg,Jordan
312,Jennifer,Kirby,wallalexander@example.net,441.287.9270x50407,45,Derekville,French Polynesia
313,Brian,Barrett,youngjamie@example.com,296.565.3432x13239,44,North Peggystad,Tonga
314,Thomas,Davis,longcharles@example.net,937.603.4362,73,Sanchezchester,Canada
315,Peter,Combs,sabrinabrown@example.com,+1-869-999-4353x87617,53,East Christopher,Ecuador
316,Nancy,Davis,leah85@example.net,799-262-4574,18,New Shelby,Nigeria
317,Paige,Combs,karenjohnson@example.com,8744093120,68,North Alec,Christmas Island
318,Jeremy,Kennedy,mark60@example.net,870-930-6963x9950,23,Rodneyfurt,Japan
319,Amanda,May,lisa73@example.com,001-401-301-9522x1614,68,Port Andrewborough,Western Sahara
320,Monica,Hoffman,amandawhitaker@example.com,(818)924-1050x643,30,Martineztown,Ireland
321,Rita,Mcgee,erika73@example.org,001-738-535-0409x22261,28,Lake Bobby,Saint Helena
322,Daniel,Torres,debra89@example.org,(430)482-9303,78,Clarkburgh,Congo
323,Pamela,Landry,ashleybarton@example.net,348-448-9899x1741,40,Adamschester,Saint Kitts and Nevis
324,Lori,Sims,carol04@example.net,743-382-4478,29,Port Amanda,Hungary
325,Maria,Gilmore,asalazar@example.com,4554580706,72,Port Kennethville,Bolivia
326,Sarah,Bell,joywilson@example.org,828.212.0372x1113,47,Elizabethborough,Belgium
327,Tommy,Bird,ekent@example.net,001-829-610-9626,36,Markville,Algeria
328,Max,Freeman,kristin73@example.org,(741)714-6349,53,Irwinchester,Nauru
329,Dawn,Williams,hernandezchristopher@example.org,001-605-679-3919x7151,62,Port George,Nigeria
330,Timothy,Morton,thomaskaren@example.org,650-533-3364,77,Isabellastad,Zimbabwe
331,Samantha,Blanchard,adam45@example.com,488-381-4450,45,East Eric,Guatemala
332,Laura,Adams,brittany01@example.org,(363)580-7790x4222,69,East Melissa,Puerto Rico
333,Corey,Davis,phelpsjustin@example.com,321-293-0987x99546,19,Matthewmouth,Equatorial Guinea
334,Joseph,Singh,ajohnson@example.org,+1-917-594-2953x509,41,New Timothy,Reunion
335,Tammy,Anderson,bcruz@example.org,978.485.8984,44,East Jason,Morocco
336,Parker,Johnson,brownjennifer@example.com,567-613-8529,46,Nealbury,Cook Islands
337,Tricia,Keller,zacharyhamilton@example.com,+1-266-615-2020x5606,37,West Emily,Guatemala
338,Lee,Nash,wnguyen@example.net,+1-637-315-2892x450,37,Port Jonathan,Kyrgyz Republic
339,Steven,Simmons,pwhite@example.org,879.406.2958x817,33,Buchananberg,Argentina
340,Julie,Thompson,bucklinda@example.net,6327047374,24,South Julie,Bosnia and Herzegovina
341,Gregory,Leonard,ystephens@example.org,(947)588-4342,67,New Joseph,Afghanistan
342,Patricia,Velasquez,carrshawn@example.org,380-339-2282,75,Floreshaven,Timor-Leste
343,Beth,Jones,carrie61@example.com,535.898.9210x70029,49,Normanbury,Bolivia
344,Albert,Donovan,hardinsteve@example.org,359-634-3937,69,Andreafort,Gibraltar
345,Stephen,Turner,csmith@example.com,(928)504-3943,45,Alyssafort,Sudan
346,Nicole,Marshall,jimenezamanda@example.com,+1-694-363-6718x78324,47,Priceton,Cocos (Keeling) Islands
347,Linda,Clark,lisawright@example.net,(306)560-7505x20757,59,East Rebeccaton,Burkina Faso
348,Denise,Alvarez,cynthiahenderson@example.org,401.418.4156,18,Michaelchester,Bulgaria
349,Shirley,Maxwell,wrightsara@example.com,980-568-1397x22431,28,Michaelside,Barbados
350,Travis,Vincent,sean62@example.com,513.817.8573x3562,65,Lake Carmenville,Pitcairn Islands
351,Ann,Robinson,matthew89@example.net,555.842.9330x833,29,Port Shelly,Niue
352,Mary,Garcia,judy70@example.org,001-790-678-1028x035,19,Lewisport,Belarus
353,Vickie,Singh,davisdarren@example.com,(533)866-2189x105,40,East Cassandra,Saint Pierre and Miquelon
354,Heather,Maddox,potterkenneth@example.com,351-945-7554,55,Smithfort,French Polynesia
355,Roberta,Mills,williamgallegos@example.net,(913)504-0251x07078,50,East Hannahview,Paraguay
356,Robert,Weiss,williamssharon@example.com,+1-872-775-6076,71,Joshuamouth,Albania
357,Peter,Phelps,nicholas24@example.com,(213)235-6752x93781,65,South Codybury,Namibia
358,Brian,Nelson,whitejeffery@example.org,374-855-7880,29,New Morgan,Singapore
359,Alexis,Jones,cball@example.org,887-855-4420,53,West Martin,Algeria
360,Amy,Obrien,jenniferjones@example.org,(971)397-4404x722,46,Johnsonville,New Zealand
361,Frances,Williams,rodriguezsharon@example.net,980.664.0382x47214,23,Patrickchester,Kenya
362,Eric,Montoya,micheal96@example.net,+1-429-945-0578x1602,32,New Annette,Turkmenistan
363,Connor,Kerr,jennifersuarez@example.com,5753658381,63,West Joseph,Burundi
364,Cristina,Boyd,crystal36@example.org,+1-642-728-1446x0648,49,Kimberlyborough,Holy See (Vatican City State)
365,Joshua,Johnson,sadams@example.com,001-767-822-8834x8978,24,East Melissa,Belarus
366,Hannah,Morris,zbanks@example.com,+1-284-339-7321x411,21,Sarahhaven,Mexico
367,Kent,Evans,jsullivan@example.com,+1-423-501-7455x06852,20,Maryfurt,Spain
368,Colleen,Nguyen,mendozaangela@example.net,001-343-231-2853x75339,50,Stanleyport,Tanzania
369,Nathaniel,Wilcox,charlesschultz@example.org,(651)400-6020x2557,66,Smithview,Jamaica
370,Stephen,Miles,mcannon@example.net,+1-303-841-2658,31,Saraside,Northern Mariana Islands
371,Eric,Greene,susanpadilla@example.org,2933352054,65,Kevinville,Nicaragua
372,Andre,Mitchell,calvin83@example.org,(432)235-6877x1524,26,Greenfort,Papua New Guinea
373,Eric,Rojas,cynthia82@example.com,+1-831-443-4635x5570,46,South Melissa,Suriname
374,Ashley,Scott,fsimmons@example.com,+1-736-289-3339,55,East Samuelhaven,Ethiopia
375,Suzanne,Macias,smithkyle@example.net,001-749-911-4684x853,58,Keithburgh,Mongolia
376,Paul,Rodriguez,carlos31@example.com,(814)292-2855,20,Ellisshire,Haiti
377,Amanda,Alexander,kathryn61@example.org,(805)564-1768x0123,74,East Amyville,Bhutan
378,Anthony,Good,jamestimothy@example.com,(839)852-1803,30,Lake Jessica,Taiwan
379,Ariel,Hoffman,fwelch@example.org,001-526-741-2362x1415,70,Lake Andrew,Palau
380,Jacob,Walters,nicole67@example.net,(584)703-1863,47,North Beverlyton,Brazil
381,Terrence,Mccoy,christinejohnson@example.net,973-558-6407x6567,60,Jacquelineland,Spain
382,Brianna,Wong,dsutton@example.org,(904)735-3628x47128,79,Lake Phillip,Indonesia
383,Ellen,Tran,rodrigueztodd@example.org,441-806-8878x5351,75,Danielfort,Paraguay
384,Jessica,George,alarson@example.net,+1-856-780-0000x7172,53,North Benjaminton,United Kingdom
385,Darrell,Perez,morantony@example.com,316-899-1839,50,South Richard,Bahamas
386,Robin,Evans,james74@example.org,001-488-311-6174x3458,71,East Kenneth,Bahamas
387,Richard,Wood,owenssharon@example.org,889-609-8339x9320,58,East Paula,Haiti
388,Heather,Mack,oconnelljustin@example.com,958.783.9026,41,Jenniferville,Grenada
389,Nicolas,Mann,megan36@example.org,4084579272,42,Lake Christopher,Morocco
390,Kristy,Brown,zroberts@example.org,348.950.3328,53,Christineshire,Djibouti
391,Tammy,Lopez,qnelson@example.org,757.742.5640x7117,20,Michaelville,Egypt
392,Regina,Brooks,doughertyerica@example.com,001-335-844-7203x506,19,Port Joshualand,Canada
393,Betty,Williams,qhall@example.com,+1-579-990-2022x5098,59,West Gabriella,Congo
394,Michael,Kline,tim19@example.com,(300)803-3187x4025,28,East Danachester,Cayman Islands
395,Joan,Brooks,gadams@example.net,(337)973-4539,76,West Brandon,Papua New Guinea
396,Joshua,Murillo,kevin07@example.org,852.401.4384,29,Sanchezport,Lao People's Democratic Republic
397,Paula,Yang,juliemartin@example.com,877.951.2447x829,38,Kimbury,Sudan
398,Catherine,Phillips,danielford@example.net,(874)568-2571,21,Port Ericchester,North Macedonia
399,Andrew,Jones,nduncan@example.org,965-506-5109,45,New Jodyhaven,Nigeria
400,Brett,Blankenship,victor38@example.net,+1-247-657-1389,43,South Davidstad,Israel
401,John,Brown,markharding@example.org,+1-345-208-0116x046,50,Allisonbury,Kazakhstan
402,Ashley,Heath,jesse87@example.org,+1-786-945-2240x624,35,Scottfurt,Malta
403,Shane,Thompson,daniel89@example.org,+1-282-822-7536x224,21,Lisafort,Malawi
404,Frank,Morrison,shelly67@example.net,001-594-399-7141x356,56,Lake Jennifer,San Marino
405,Jared,Reyes,ronald41@example.com,356.459.5596x515,29,Port Herbertburgh,Egypt
406,Susan,Young,christina31@example.org,880.672.9269x0809,51,Nathanville,Marshall Islands
407,Adam,Hernandez,murphyrichard@example.org,(384)601-3309x180,76,South Marisaburgh,Israel
408,Michael,Decker,diazerika@example.org,(868)218-5223x80779,63,Sarahburgh,Puerto Rico
409,Jessica,Sutton,bryce89@example.com,990.779.9098x551,45,East Wendytown,Central African Republic
410,Allison,Diaz,april45@example.net,910-260-5223,58,Ericland,Belize
411,James,Jones,psmith@example.org,(494)766-5597x03015,32,West Gabrielton,Angola
412,Angela,Newton,lawrencesteven@example.net,+1-897-756-0843,47,Hernandezchester,Cambodia
413,Raymond,Ford,lauramoore@example.net,001-836-917-8896,51,Sharonshire,Panama
414,Valerie,Watts,becky88@example.com,806-587-5359,24,Lloydberg,Argentina
415,Mark,Miller,adam32@example.net,683-647-8129x13492,42,Davismouth,San Marino
416,Spencer,Campbell,gabrielle68@example.org,343.373.2693x55944,43,Port Victoria,Chad
417,Frank,Neal,powellgregory@example.com,575.646.8563,49,Gomezton,Heard Island and McDonald Islands
418,Destiny,Moore,lindafrancis@example.org,988-875-5807,71,Natashaport,Maldives
419,Alexis,Brown,levi15@example.com,308-679-7814x455,78,Wilkersonshire,Guadeloupe
420,Laura,Davidson,benjaminwalters@example.com,001-668-792-1740,57,West Michelle,Venezuela
421,Alexis,Ferguson,ljohnson@example.net,958.616.1008,63,North Lukehaven,New Caledonia
422,Keith,Curtis,john19@example.net,813-788-2505,20,Taylorton,Equatorial Guinea
423,Sierra,Lee,allenmeghan@example.org,304-937-2260,69,Petershire,Norway
424,Blake,Arnold,sarah78@example.org,001-517-692-8110x960,28,Conradville,Fiji
425,Ana,Vaughn,tyler71@example.net,(906)273-5347x6842,69,Robinburgh,Saint Pierre and Miquelon
426,Shannon,Schultz,kennedyjoshua@example.com,526-806-7550x1554,68,Thompsonfurt,Kiribati
427,Bryan,Rogers,haileykennedy@example.net,212.372.1886,48,Sonyaborough,Greenland
428,Lisa,Brown,ericphillips@example.com,273-362-7252x0516,29,Thomasberg,Cameroon
429,Jennifer,Snow,cordovamelinda@example.com,001-681-459-5427x938,61,Cunninghamport,Congo
430,Suzanne,Thompson,yolandalane@example.org,001-780-761-0639,74,East Daniel,Falkland Islands (Malvinas)
431,Jonathan,Mayo,jonathan05@example.net,(803)821-3769,41,Lutztown,Ethiopia
432,Ricardo,Hudson,moralescatherine@example.org,584-240-4948x7386,21,Andrewmouth,Oman
433,Catherine,Fields,fsharp@example.org,449-607-0791x104,73,Durhamton,Yemen
434,Margaret,Gomez,gordonjames@example.net,(338)771-8203,42,Port Shaun,Martinique
435,Chelsea,Hubbard,qramirez@example.org,966.245.7796,51,Spearsberg,Fiji
436,Anthony,Oliver,jeffery33@example.com,490.474.0824x0226,66,East Michellechester,Cayman Islands
437,Emily,Gilbert,cynthia73@example.org,(742)281-6894x26061,72,Stewartville,Philippines
438,Larry,Durham,bradymichael@example.net,667-938-5792x125,42,Devinchester,Tanzania
439,Kathleen,Lynn,pwall@example.org,590-321-0773x94403,21,South Chelseastad,Libyan Arab Jamahiriya
440,Lisa,Figueroa,cindy02@example.com,+1-920-642-8973x895,25,Martinfurt,Sweden
441,Courtney,Patton,benjamin44@example.com,001-476-381-5416x862,51,West Brian,Holy See (Vatican City State)
442,Brian,Schroeder,melissawhite@example.org,377-741-6133x285,21,Robertland,Spain
443,Beth,Williams,sarah51@example.org,001-604-914-8389x4076,20,Alexanderfurt,Cote d'Ivoire
444,Angela,Schmidt,jaredfry@example.net,(653)398-5448x202,45,Joanneburgh,Brazil
445,Sheila,Kelly,wilkinshaley@example.com,456-799-4092,34,Moniquestad,Micronesia
446,Laura,Lewis,weberlauren@example.com,315.786.2938x9313,62,Dianaview,Ghana
447,Nichole,Marshall,jeffrey28@example.net,243-843-8193x02418,61,Jeromeburgh,Poland
448,Monica,Cross,robertshailey@example.org,431.440.0021,45,Paulafurt,Chad
449,George,Williams,mark38@example.org,001-218-701-5795x440,59,New Patricialand,Suriname
450,Chris,Mitchell,victoriaesparza@example.org,(657)789-6057x803,69,North Michelle,Barbados
451,Jennifer,Jones,gsanders@example.com,563-372-3392,48,Rosarioborough,Cayman Islands
452,Dominic,Mckinney,ellisondiana@example.net,487.461.5595,35,New Josephborough,Armenia
453,Mark,Medina,thomaswilson@example.net,+1-625-200-0105x0886,79,Adrianfort,Brazil
454,Hannah,Gomez,whall@example.com,423.908.7195x279,44,Mccarthyberg,Congo
455,Kimberly,Coleman,callahanethan@example.com,+1-665-783-1852,61,Johnsonfurt,Christmas Island
456,Alexandra,Myers,patriciarodgers@example.org,(797)865-7091,52,Richardmouth,Reunion
457,Linda,Richardson,ruizjames@example.org,(920)605-1836x9724,19,Phillipsfort,Saint Helena
458,Heidi,Fowler,jonesrobert@example.com,961.509.7358x9431,64,New Ashleefort,Bhutan
459,Elizabeth,Fuentes,ecurtis@example.org,506-707-7153x3554,20,South Christopherport,Malta
460,Edwin,Douglas,jessica96@example.net,+1-504-891-0967x454,48,North Mariah,French Polynesia
461,Elizabeth,Norman,rwilliams@example.org,627-678-3304x023,64,Webbville,Papua New Guinea
462,Andrea,Jones,ryanschneider@example.org,001-857-341-5203,36,Joneston,Anguilla
463,Nicole,Collins,schneiderashley@example.net,542.930.6054x05858,51,East Ashleyville,Saint Pierre and Miquelon
464,Danielle,Watson,barronlauren@example.org,(295)789-1867x55212,43,North Kerrychester,Czech Republic
465,Kristine,Cox,jason61@example.org,729.431.1804x1251,35,Port Isaiah,Cuba
466,Kelli,Pruitt,salazarpaul@example.com,402-378-1647x638,29,Dustinhaven,Benin
467,Michael,Riggs,petersonmike@example.com,645.211.0400x45319,62,Jacobston,Equatorial Guinea
468,Michael,Powers,garymoore@example.net,001-564-923-7789,44,Lake Brendanchester,Martinique
469,Sarah,Wood,leeeric@example.com,001-301-742-3288x12678,55,Port Shannonland,Georgia
470,Michelle,Watkins,margaret67@example.org,3616430662,22,Port Elizabeth,Turkmenistan
471,Karen,Deleon,karen05@example.net,001-843-981-4767,80,South Ryan,Russian Federation
472,Nathan,Morrison,craig96@example.com,952.472.5478,53,Johnview,Madagascar
473,Robert,Le,brucestanton@example.net,482.964.6755x1579,44,New Brian,South Georgia and the South Sandwich Islands
474,Ronald,Smith,michael64@example.org,(935)390-7394x88908,54,Jonesside,Syrian Arab Republic
475,Aaron,Martin,jasonaguilar@example.com,236.829.3646x5633,39,Lake Tina,Cook Islands
476,Ruben,Myers,ygordon@example.com,001-828-749-3510x715,27,New Samuel,United Arab Emirates
477,Tyler,Poole,dfrancis@example.org,841-499-1895,49,South Kevinport,Tuvalu
478,Abigail,Hunt,johnsonandrew@example.net,856.448.8453x0824,24,East Randall,Mauritania
479,Tracey,Ayala,jeremy04@example.com,(308)532-6880,67,South Shannonborough,Liberia
480,Patricia,Rocha,valerie43@example.com,+1-331-770-4123x532,57,Kimberlyton,Tonga
481,Thomas,Johnson,wesley89@example.org,(681)893-4781,49,Fowlerchester,Romania
482,Matthew,Hines,qwarren@example.net,535.683.4419x26797,31,Monicamouth,Belgium
483,Johnathan,Peterson,michael80@example.net,001-834-375-9019x21119,22,North Russell,Aruba
484,Timothy,Whitehead,reyestaylor@example.com,001-371-480-2676x804,53,South Barbaraborough,Mali
485,Heather,Burgess,dperkins@example.org,001-216-202-2863x5731,42,South Jessica,Barbados
486,John,Scott,nbyrd@example.net,694.936.7920x12709,41,Katrinaview,Tajikistan
487,Melissa,Compton,hoffmannathan@example.com,322-604-4765x126,24,New Alexanderland,Philippines
488,Tammy,Brown,lboyer@example.com,896.592.5223x0713,30,New Kathrynhaven,Guinea
489,Jennifer,Jones,hendersonsarah@example.org,3692807437,46,North Lisaport,Israel
490,Emily,Williams,xturner@example.net,874.235.8869,60,Danielfurt,Guinea
491,Vincent,Dickerson,jennifergrimes@example.com,910-793-1483x1808,57,West Phillip,Palau
492,Chelsea,Fox,pbaldwin@example.com,926.652.7416,24,Mcmillanside,Poland
493,Casey,Munoz,hollyflores@example.org,001-411-287-6395x1836,30,Wrightshire,Botswana
494,Bob,Daniel,jjones@example.com,500.606.5716,53,Johnsonton,Malaysia
495,David,Day,robert13@example.com,776.680.6328,26,Jenniferbury,Saint Barthelemy
496,Paul,Watson,katherine82@example.com,325-296-6756x8155,64,Lake Albertshire,Heard Island and McDonald Islands
497,Amber,Torres,brett02@example.com,(734)502-3696,79,Alanside,United States Minor Outlying Islands
498,Heather,Rogers,scoffey@example.com,944-710-7641x10391,42,New Christopherstad,Palestinian Territory
499,Michelle,Wallace,julieparrish@example.com,403-904-1512x53242,33,South Randyborough,Svalbard & Jan Mayen Islands
500,Hannah,Sullivan,wharrison@example.net,555.625.6365,53,Bryceberg,Sudan
501,Michael,Mcdonald,powellchristopher@example.org,945.831.9559x30970,38,Kellyfort,Denmark
502,Sarah,Hudson,elizabethsmith@example.org,6916850206,23,Johnhaven,Mauritius
503,Jessica,Murray,jrich@example.org,451-923-5280x42443,67,Jennifermouth,Panama
504,Cameron,Bean,tmiller@example.com,(337)502-5778x27290,53,Walterport,Grenada
505,Carlos,Rogers,laura17@example.org,001-534-675-3183,55,West Kathryn,Albania
506,Joshua,Griffith,davidchang@example.net,569.449.5058,48,Stephenmouth,France
507,Brenda,Nelson,danielle95@example.net,637.931.9652x1202,50,North Janet,Netherlands Antilles
508,Tina,Weaver,imaldonado@example.net,286.961.1242x2366,25,New Jessicamouth,Comoros
509,Jesse,York,shaun52@example.net,214.727.9648,43,Evansmouth,Gibraltar
510,Shannon,Brady,uhowe@example.org,709-463-0978,80,Hillview,Trinidad and Tobago
511,Shannon,Bishop,michaelsanchez@example.net,(888)314-5626,49,Anthonyshire,Aruba
512,Christina,Crosby,david97@example.org,001-971-236-9029,39,East Jonathan,Mali
513,Nathan,Horne,chenbobby@example.com,6029345150,60,Floresfurt,North Macedonia
514,Christopher,Daniel,rjones@example.com,4308920927,72,Watsonfurt,Belize
515,Monica,Jones,bmiller@example.org,001-763-447-9107x86026,27,Port Christopherburgh,Japan
516,James,Gray,ktaylor@example.org,969.868.1379x6103,40,Port Kevin,Dominica
517,Laura,Gray,wintersjacob@example.org,(442)844-5859,53,West Jonathanmouth,Venezuela
518,Justin,Pope,robert23@example.org,922-711-2254x4245,77,New Emily,Panama
519,Jennifer,Davis,umills@example.net,264.235.9554x91867,24,North Ericville,Bolivia
520,John,Sampson,nelsonthomas@example.org,567-869-9021,71,East Mary,Martinique
521,Travis,Collins,april58@example.net,+1-225-801-8504x927,36,Walkerberg,Cambodia
522,Russell,Macdonald,odavis@example.org,(487)895-0970x661,47,Villaview,Cameroon
523,Erica,Reid,tina83@example.net,+1-724-522-3341,28,Port Lindsey,Lebanon
524,John,Morse,pagekaren@example.org,868-625-2179x038,66,Sandersberg,Guernsey
525,James,Sanchez,qlee@example.org,634-873-2137x35997,31,West Brandon,Swaziland
526,Rose,Bowers,mjacobs@example.org,+1-881-298-1543x7990,32,North Joshua,Liechtenstein
527,Courtney,Phelps,taylorsusan@example.com,+1-510-763-7707x83699,67,Jeremytown,Svalbard & Jan Mayen Islands
528,Richard,Smith,steven47@example.org,(387)975-6053,41,Cardenasfort,Netherlands
529,Jeffrey,Price,butlerpatrick@example.org,403.377.7461,77,Lake Amy,Guam
530,Brian,Johnson,bryan51@example.net,454.715.1539x246,68,New Hannah,Northern Mariana Islands
531,Jennifer,Garcia,jonathan60@example.org,8638242169,34,Katherineport,Tonga
532,Rebecca,Anderson,brucedavis@example.org,001-240-513-3270x968,67,Lake Mark,China
533,Bryan,Williams,longmanuel@example.org,248-376-4601x621,39,Greenbury,Tuvalu
534,Renee,Mack,danielbradford@example.com,971-441-8832x5596,52,North Jessicamouth,Mexico
535,Andrew,Shaw,gmacdonald@example.com,(354)560-2679x12689,68,East Lisa,Tanzania
536,Karen,Jones,qturner@example.org,382-422-1374x6903,57,Port Betty,Uruguay
537,Luis,Underwood,kcruz@example.net,(533)311-4166,63,Port Austin,Martinique
538,Abigail,Dunn,williamsalexis@example.com,001-913-221-9490,31,Peterview,Iraq
539,Cody,Quinn,qrussell@example.org,821-864-8871x1635,68,Reginaldmouth,Iran
540,Matthew,Dunn,eduardo93@example.net,(601)983-9813x0151,24,Byrdport,Norway
541,Aaron,Flowers,hardingmathew@example.com,(917)848-6530,40,New Dominiquefort,Monaco
542,Linda,Vega,tcastro@example.net,524-771-0307x2261,28,Rossside,Bolivia
543,Christine,Shields,znovak@example.net,924.536.4803,44,New Benjaminton,Dominican Republic
544,Kristen,Mendez,garrisonjonathan@example.org,(970)289-1260,63,Cindyland,Israel
545,Sharon,Hess,wjohns@example.net,511-464-9676x5183,40,Christopherland,Hong Kong
546,Madeline,Gill,hflores@example.com,381-233-7013,79,Cindyhaven,Chad
547,Benjamin,Garcia,adkinskelly@example.com,001-549-965-3183,62,Lake Paul,Israel
548,Tina,Jackson,marioclark@example.com,+1-620-797-2162,67,Adamsbury,Norfolk Island
549,Justin,Kemp,lhaley@example.com,+1-772-304-7549x3793,45,Devinside,Haiti
550,Daniel,Anderson,tammydavis@example.org,(228)554-4060x072,51,New Christyview,Jamaica
551,Kyle,Diaz,ronniewheeler@example.net,697.701.7234x7462,29,Stevensview,El Salvador
552,Amy,Morgan,lpeterson@example.net,(409)861-5882x5754,31,East Henryfurt,Cameroon
553,Gary,Keith,johnsonvincent@example.org,+1-497-404-5198x93956,72,Port Sierra,South Georgia and the South Sandwich Islands
554,Kayla,Hawkins,htrevino@example.com,(361)674-4557x6453,69,East Timothyfort,Somalia
555,Heather,Munoz,tamara49@example.net,(329)603-1517x21062,58,Martinport,Chile
556,Jacob,Carpenter,greencassandra@example.org,+1-715-857-6799,78,Ramosberg,Iran
557,Victoria,Howard,ellenedwards@example.org,+1-935-481-7416,33,Fernandoton,Dominica
558,April,Burke,dcooper@example.org,+1-404-650-5532x2247,77,New Heatherfurt,Martinique
559,Stephanie,Shannon,cpatterson@example.net,2594216207,35,Cunninghamshire,Pitcairn Islands
560,Michael,Morris,esimpson@example.net,367.441.9694x50002,66,Lake Mary,Switzerland
561,Sarah,Haas,markalvarado@example.com,220.429.8486,68,Brookston,Saint Kitts and Nevis
562,Donna,Leblanc,idennis@example.com,695.820.7448x39896,21,West Jennifer,Afghanistan
563,James,Powell,jeremyalexander@example.com,+1-368-818-4787x4014,53,Thomasport,Benin
564,Wayne,Sampson,patricia30@example.org,367.449.0631x13936,54,East Jamie,Mali
565,Louis,Craig,newmanmegan@example.com,995.618.2508x9699,18,Dennisstad,Uzbekistan
566,Anthony,Baldwin,erica91@example.com,529.537.2391,76,Sanchezberg,Marshall Islands
567,Michael,Patel,conniecollins@example.org,001-967-256-2563x60561,76,Westtown,Chile
568,Mallory,Gibson,cherylconner@example.com,7014678912,78,Amberberg,Bermuda
569,Jason,Ramirez,michaelcarson@example.com,592.951.8150x49897,24,Robertside,Cape Verde
570,Claire,Turner,kimberly76@example.net,001-936-471-5920x0207,78,Taylorbury,Mauritania
571,Kayla,Dawson,carolyn46@example.com,301.350.9643x5610,71,West Ginachester,Trinidad and Tobago
572,Matthew,Clark,dennisrodriguez@example.net,750-595-8275x21711,63,Michaelborough,Guinea
573,Christine,Martin,erikaevans@example.net,001-302-361-6130x8648,26,Johnnystad,Pakistan
574,Amy,Nelson,deannakennedy@example.net,8586163604,38,Mcdanieltown,American Samoa
575,Yvonne,Barnes,jonathanwilliams@example.org,001-908-826-0352,79,North Allisonton,Indonesia
576,Jessica,Miller,cmiller@example.org,811.872.4309x2309,25,New Michaelfurt,Faroe Islands
577,Kelly,Lopez,toddchristy@example.com,521.451.6477,23,South Charlesport,Cuba
578,Angela,Oneill,melissa00@example.net,(585)579-8121x091,19,North Stephaniefurt,Kyrgyz Republic
579,Tammy,Willis,robertacain@example.com,(212)585-8795x88034,80,Hubbardhaven,Isle of Man
580,Kimberly,Hawkins,swilson@example.net,645.371.5478,64,Port Matthewland,El Salvador
581,Daniel,Jensen,mendezalisha@example.org,528-918-3952,58,Jeremiahborough,Gibraltar
582,Benjamin,Hernandez,matthewpotter@example.org,001-862-783-8769x23393,36,West Craigchester,Finland
583,Jennifer,Martin,john96@example.net,844-510-9169x09158,65,North Thomasland,Cocos (Keeling) Islands
584,Richard,Smith,taylor24@example.net,(677)897-1230x385,59,Jonestown,Sweden
585,Gary,Graves,rebeccafranklin@example.com,(861)670-7729x4997,40,Jasonville,New Caledonia
586,Justin,Robinson,tracygonzalez@example.com,001-792-990-0361,54,East Clifford,Myanmar
587,Dennis,Roberts,bturner@example.org,865-953-7039,45,Jimenezstad,Antigua and Barbuda
588,Charles,Stafford,wadesara@example.org,7772881066,43,Kevinshire,Fiji
589,Ray,Murillo,jameshowell@example.net,226-704-0061x759,78,Jameshaven,Tokelau
590,Jasmin,Washington,vincentramos@example.com,312-962-7940,44,Lloydville,El Salvador
591,Ronnie,Roberts,sheryldavis@example.org,001-771-861-2433,55,Knightstad,United States of America
592,Brooke,Fields,jose81@example.com,437.895.0418,73,Fitzpatrickview,Brunei Darussalam
593,Ashley,Martinez,barrmicheal@example.net,001-739-740-8617x27460,39,South Anthony,Saint Martin
594,Andrew,Crawford,williambaker@example.org,388-550-6892x5981,61,Sandramouth,Mexico
595,Daisy,Nguyen,montoyamichael@example.com,+1-465-818-4108x7896,28,Farleyfurt,Cyprus
596,Todd,Burnett,xhenderson@example.net,583-760-8801,20,Rickyburgh,Greece
597,Taylor,Chapman,flawrence@example.net,989-728-1162x83764,27,Port Shane,Uzbekistan
598,Scott,Dawson,mullinsjohn@example.com,551-790-7858x957,43,West Timothyland,Malaysia
599,Martin,Scott,mroberts@example.com,001-607-281-1197x025,48,South Sheilahaven,Andorra
600,Rodney,Dixon,hgarcia@example.net,320.468.8509,37,New Michelleburgh,Tajikistan
601,Jeremy,Sanchez,jessicabryan@example.com,(604)265-0184x1014,23,East Leon,Pakistan
602,Paula,Thompson,langronnie@example.com,001-887-890-1416x809,76,West Jacobbury,Belarus
603,Benjamin,Nichols,smithshawn@example.com,+1-929-537-6015x4543,60,Lake Sean,Rwanda
604,Stephanie,Murray,scarrillo@example.net,(273)665-1409x03641,29,New Micheleport,Niue
605,Leah,Nelson,christophersmall@example.net,794.835.3085,26,Lindaton,Albania
606,Brittney,Mccullough,spalmer@example.net,+1-971-519-9911x284,48,Barrmouth,Guinea-Bissau
607,Lauren,Hill,brentosborne@example.com,001-602-796-0510x39070,75,South Sydney,Antarctica (the territory South of 60 deg S)
608,Scott,Kennedy,carpenterbrian@example.com,+1-545-521-4139,42,Jamesbury,Northern Mariana Islands
609,Alison,Watkins,jessicabarnett@example.net,2272834328,37,Jamesport,Denmark
610,Sherry,Patel,amandazimmerman@example.com,351-919-7816,66,Randallfurt,Guam
611,Amy,Palmer,harrisshawn@example.com,8316739193,22,Timothyhaven,Seychelles
612,Mark,Taylor,melissa91@example.org,6232068442,58,Brittanyland,Swaziland
613,Sean,Wagner,jefferywilliams@example.org,945-324-1444x99266,60,Port Leahbury,Samoa
614,Heather,Bernard,ronniethomas@example.net,4928257415,18,Danielsberg,Belize
615,Shannon,Kennedy,mark88@example.org,532-352-4316,20,Hooverfurt,Malaysia
616,Courtney,Clark,vandersen@example.net,5883527674,33,West Emily,Mali
617,Charles,Turner,raymondsmith@example.net,001-203-561-2650x920,30,Ryanfurt,Cuba
618,Jacob,Powers,qjones@example.org,001-209-545-8703x87028,22,Port Garrettfort,Sao Tome and Principe
619,Matthew,Glass,jamiebranch@example.net,957.262.9086,78,Thomasview,Sweden
620,Kelly,Torres,tracy03@example.org,+1-663-408-9059x03021,70,North Sarahport,United States Minor Outlying Islands
621,Lisa,Baker,morrisonfernando@example.com,+1-778-621-7426,59,New Huntermouth,Djibouti
622,Cesar,Randolph,diane83@example.com,001-390-869-3809x00196,45,Rayberg,Armenia
623,Bradley,Hawkins,apeck@example.com,001-393-761-7587x547,24,Josephfurt,Eritrea
624,Julie,Wiggins,kelly46@example.com,287-778-7088x73180,32,Lake Lisa,Tuvalu
625,John,Cortez,frederickpetersen@example.net,001-932-910-6906,74,New Kyle,Chad
626,Jason,Woods,reillydarren@example.org,001-985-833-9080x502,19,Contrerasshire,Montserrat
627,Heidi,Richard,dennis16@example.com,001-891-457-2048x205,56,East Davidmouth,Iran
628,Michael,Kline,sarah74@example.com,8509804876,34,East Robert,Hong Kong
629,Michael,Sanchez,kristenfranklin@example.net,+1-487-730-6700x415,19,Billymouth,Australia
630,Michelle,White,emily85@example.org,667.890.3696x1024,76,New Philipshire,Faroe Islands
631,Julia,Fuentes,burnsdanielle@example.org,6899402766,71,South Carolynside,Uganda
632,Jacqueline,Shepard,hallclinton@example.com,001-556-365-1645x671,77,North Yolandastad,Switzerland
633,Monica,Spence,fcobb@example.com,976-241-8282,53,Lake Phillipport,French Guiana
634,Rose,Bauer,xaviershelton@example.com,+1-613-258-0862x11797,57,East Anthony,South Georgia and the South Sandwich Islands
635,Dorothy,Brown,melaniehenry@example.com,(691)254-2018x91259,74,Katherinemouth,British Virgin Islands
636,Joanne,Hancock,wrios@example.net,601.444.0019,65,Thompsonmouth,Belgium
637,Kelly,Smith,mwood@example.org,+1-562-377-9265x2185,61,North Richardstad,Bolivia
638,Lisa,Mccarthy,zjimenez@example.net,001-477-525-3915x843,42,Elizabethton,Bermuda
639,Robin,Turner,lindseystephanie@example.net,(937)555-3715x0529,27,New David,Tajikistan
640,Marie,Strickland,coxmichael@example.net,(917)832-7830x24116,80,Markstad,Peru
641,Manuel,Fry,gabriel88@example.net,658.673.7942x0643,39,East Steven,Turkmenistan
642,Jennifer,Moreno,alexandra27@example.org,(205)385-0082x776,52,Brownview,Italy
643,David,Mann,melissa06@example.org,810-833-7100,61,East Karla,Bahamas
644,Nicholas,Myers,karipeters@example.org,724-511-0844x75075,19,Andreafort,Mexico
645,Alison,Acevedo,dianemccoy@example.com,2703155902,67,North Amberberg,Norway
646,Robin,Clark,christophersalazar@example.org,+1-351-534-4399x813,41,Port Matthew,Marshall Islands
647,Jacob,Sandoval,coxjennifer@example.com,2846671756,47,Frystad,Ghana
648,Briana,Parker,liuwilliam@example.net,(390)640-9654x29187,51,New Kelly,Costa Rica
649,Lindsay,Harris,nancybowen@example.org,(878)617-2791x689,78,Jamesville,Argentina
650,Laura,Washington,fisherrobin@example.com,513-697-7433,51,Maryside,Maldives
651,Joseph,Lyons,mary73@example.com,+1-226-558-2656x81156,27,Wilsonfort,Kazakhstan
652,Devin,Ortega,maxwelljames@example.net,+1-557-477-7402x39472,64,Jamiestad,Singapore
653,Tyler,Freeman,andrea18@example.net,8683507371,39,Michaelfort,Mauritius
654,Jennifer,Barnett,daniel00@example.net,781.505.9972,38,North William,Saint Lucia
655,Joshua,Jacobs,simsadam@example.org,(248)492-9641x2366,32,Roberttown,Albania
656,Shannon,Miller,vmorris@example.org,+1-651-609-3902x2015,28,Port Paulshire,Germany
657,Bruce,Oneal,clarknicole@example.com,438.251.4275,72,Breannaland,Trinidad and Tobago
658,Charles,Hall,prattbryan@example.org,3558099972,64,New Jessica,Qatar
659,Michele,Dixon,elizabeth05@example.net,+1-223-389-5237x22739,53,Lake Hannahborough,Russian Federation
660,John,Obrien,eugenegalloway@example.com,240.549.3548x3096,39,Cuevasport,Afghanistan
661,Sheri,Lee,yjones@example.com,5132255602,66,Reedport,Canada
662,Christine,Gutierrez,ehunter@example.org,752-342-4429,22,Summersmouth,Gabon
663,Lisa,Haney,mccormicknathan@example.org,(987)963-9190x095,24,East Pamela,Gabon
664,Pamela,Howell,fmyers@example.org,460-259-9873,67,Morganton,Bosnia and Herzegovina
665,Mary,Palmer,zsellers@example.net,+1-919-700-1829,56,Susantown,Bhutan
666,Heather,Lee,xwalters@example.com,(684)663-4438x2490,20,Leeview,Ghana
667,Lisa,Holt,jeffery42@example.org,835.797.6166x9221,18,West Williammouth,Armenia
668,Robin,Owens,kevin28@example.org,443.784.5491x7159,63,North James,Gambia
669,Michelle,Mccoy,pli@example.net,8986524029,30,Lake Jonathan,Romania
670,Linda,Thomas,campbelllaura@example.net,001-203-604-1395x788,30,East Robertburgh,Seychelles
671,Cindy,Williams,andrew70@example.org,4383301122,70,North Christine,Spain
672,Rachel,Smith,brianhansen@example.org,383-434-6867,64,Sandrabury,Central African Republic
673,Mark,Hartman,alyssagray@example.com,+1-941-728-1257x72118,57,Lake Johnfurt,Brunei Darussalam
674,Jeff,Garza,wlee@example.net,8307809744,30,Johnsonville,Serbia
675,Nancy,Sutton,thorntonseth@example.org,001-655-843-7217x953,30,West Robertoland,Bolivia
676,Rebecca,Martin,johnstonaaron@example.org,976-711-7793,72,Thomasmouth,Martinique
677,John,Jensen,mcmillansamantha@example.net,001-681-793-4993x38216,71,Henryton,Saint Lucia
678,Justin,Stone,frankmurphy@example.net,+1-518-812-4884x88070,59,West Courtney,Ecuador
679,Samuel,Rodriguez,timothy49@example.net,9508108227,34,Hudsonborough,Luxembourg
680,Joshua,Macias,cynthia28@example.net,(268)837-9028,48,Bellstad,Cape Verde
681,Zachary,Blake,sharon38@example.org,+1-736-729-1301x809,53,Garymouth,Iran
682,Heather,Robertson,gsmith@example.com,565-756-0862,38,West Nicole,Spain
683,Robert,Diaz,martin79@example.net,918-455-9219,44,New Sarahchester,Jamaica
684,Shannon,Murphy,xandersen@example.org,945.676.5497,46,South Danielle,Gabon
685,Thomas,Steele,scottmichelle@example.com,001-976-963-5239x38273,67,Cooktown,Morocco
686,Lori,Swanson,williamlittle@example.com,754-953-1787,75,Jillton,Nepal
687,Jimmy,Holden,johnsonlauren@example.net,5679216579,26,Port Katherine,Cook Islands
688,Erica,Levy,garciarebecca@example.org,612-384-9633x4396,21,Kristymouth,Guadeloupe
689,Kylie,Stone,garciaelizabeth@example.org,+1-508-689-6418,25,South Kyle,Senegal
690,Joseph,Morales,heatherspears@example.net,5963942083,65,New Angelaland,Lebanon
691,Samantha,Flores,jenniferbarnett@example.org,+1-743-206-9095x206,30,West Jennifer,Jersey
692,Tina,Randall,julie24@example.org,703.772.2552x3932,64,Hendersonview,Montenegro
693,Andrea,Ferguson,hobbsmonica@example.org,564.735.4577,69,Andrewview,Botswana
694,Amber,Taylor,qlindsey@example.org,724.381.9498x44635,66,Linside,France
695,Karen,Macias,stephanie31@example.org,(804)367-3492x9251,40,Wolfview,Guadeloupe
696,Tina,Vazquez,guerrathomas@example.org,(354)403-5681,37,Brewermouth,Fiji
697,Joe,Winters,erikaarnold@example.com,001-540-205-1028x138,45,Lake Matthew,Kenya
698,Roberto,Haas,paulharrington@example.net,5038631370,62,Lopezbury,Canada
699,Katherine,Martinez,hardyhannah@example.net,(974)627-9879,57,West Madeline,Belize
700,Shelia,Saunders,ginacase@example.com,001-506-463-1047x51470,32,Taylorhaven,Comoros
701,Dustin,Wilcox,jenniferglenn@example.net,+1-514-299-0404x7786,63,Laurastad,Finland
702,Scott,Jones,dana21@example.org,910.493.8270,50,South Jamesmouth,Lao People's Democratic Republic
703,Michael,Ellis,warrenconnie@example.com,6853023239,48,Dennisville,Saint Martin
704,Alyssa,Campbell,mcmahonalexis@example.org,424.938.5653x67605,79,Port Valeriechester,Singapore
705,Sarah,Wallace,jeremy85@example.com,735.358.5873,47,Hancockton,Saint Kitts and Nevis
706,Joseph,Hardy,scott14@example.com,+1-235-558-6079x64627,66,South Annaville,Netherlands Antilles
707,Danielle,Romero,gford@example.com,001-677-710-6408,48,West Yvette,Algeria
708,Lori,Lopez,jesus65@example.org,388-503-6627,32,Clarkhaven,Liechtenstein
709,John,Hodges,williamvillarreal@example.org,+1-748-344-7018x202,25,Port Tonya,Kuwait
710,Christopher,Brown,lawrencemary@example.org,9487755326,41,Port Alyssaberg,Namibia
711,Shawn,Reed,jasmine27@example.net,+1-714-864-1705x584,76,Tammyview,Northern Mariana Islands
712,Travis,Jackson,mark45@example.org,(619)747-5888,63,Lewisfort,Mali
713,Roy,Bolton,michelle94@example.org,297.874.3178x027,40,Lake Russellhaven,Tajikistan
714,Jessica,Moore,lisacampbell@example.com,4969182802,62,Frankmouth,Gabon
715,Patrick,Ruiz,andrew65@example.com,417.553.6535,80,Jenniferchester,Kuwait
716,Phillip,Benson,csnyder@example.org,227-987-8942x07265,61,Lake Todd,United Arab Emirates
717,Jessica,Johnson,theresahardy@example.org,207.999.5074x0816,80,North Nichole,Philippines
718,Gary,Reyes,shieldsjesus@example.net,208.761.1756x4180,62,Kimberlystad,Trinidad and Tobago
719,Sarah,Taylor,mbrown@example.net,001-546-801-6143x3224,66,Sarahfort,Afghanistan
720,George,Collins,jennacalderon@example.com,001-630-605-8374,19,West Laurenport,Gambia
721,Richard,Small,elliotttony@example.com,752-250-0921,48,Juanmouth,Holy See (Vatican City State)
722,Matthew,Reyes,joseph28@example.net,001-549-989-1431,37,Clarkville,Morocco
723,Tina,Mcintosh,jessicajohnson@example.org,(489)268-0635,28,Jonesport,Dominica
724,Nathan,Mccormick,ylogan@example.org,001-575-330-3047x067,38,West Rachel,Brazil
725,Sheryl,Nelson,annachaney@example.net,869-847-6984x65387,60,North Cheryl,Moldova
726,Nicole,Chung,qfitzgerald@example.org,001-889-987-0021x7418,69,East Brandi,Namibia
727,Emily,Garcia,heather59@example.net,+1-617-659-5074x30933,27,Robertside,Guinea-Bissau
728,Nancy,Patel,andrea55@example.net,223-453-3483x920,58,East Travisshire,Jersey
729,Brenda,Graham,qcolon@example.net,(775)457-3989,69,Johnfort,Slovakia (Slovak Republic)
730,Jennifer,Reid,franklinrandall@example.net,(585)460-4232,31,West Brookeview,Sudan
731,Vanessa,Wilson,johnwalter@example.org,858-344-4834x797,45,East Jennifer,Luxembourg
732,Amanda,Bradshaw,mcdonaldlisa@example.com,411.552.6774x397,68,Foxshire,Tonga
733,John,Flores,christopher97@example.net,(851)896-0807x142,44,North Melissa,Macao
734,Travis,White,ashleyolson@example.net,331.534.9808,57,North Christina,Anguilla
735,Jamie,Williams,amymcdowell@example.com,296.663.7531x083,51,Matthewhaven,Chile
736,Latasha,Guerrero,uchavez@example.com,393.865.7114x38724,55,Lake Jay,Venezuela
737,Amanda,Evans,jeffersonashley@example.org,247.965.6280x1232,50,Tonishire,Colombia
738,Steven,Delgado,nathaniel17@example.com,(512)528-6621,22,West Jamesberg,Czech Republic
739,Rita,Mayo,umoss@example.com,(886)530-2554,21,Brownfort,Martinique
740,Aaron,Scott,carralexis@example.org,(798)305-8375x40256,58,West Travis,Andorra
741,Julie,Dominguez,mark81@example.com,8452616383,26,South Kevinfurt,Ghana
742,Edgar,Swanson,amanda48@example.com,(453)609-6521x08574,75,Mariaborough,Bosnia and Herzegovina
743,Greg,Fuentes,rrowe@example.org,(596)352-8095,76,Williamshaven,Sweden
744,Brandon,Ellis,kristenwilliams@example.net,001-669-401-2610x251,54,East Alisonville,Cambodia
745,Eric,Rogers,toni39@example.net,737.892.9569x0164,18,North Shawn,Cayman Islands
746,Ashley,Rubio,normanellen@example.com,774-784-3808x415,31,Nelsonview,Singapore
747,Michelle,Little,shawbarbara@example.com,811.748.4728,29,West Briannaview,Fiji
748,Andrew,Meyer,wriley@example.net,989-471-0460x716,24,New Charles,French Southern Territories
749,Heather,Mitchell,johnsondanielle@example.org,821.232.0944,59,Angelachester,Liechtenstein
750,Patricia,Mason,pcarroll@example.com,+1-865-715-6940,46,East Monicafort,Andorra
751,Jason,Thomas,tgarrett@example.org,381-643-2448,56,New Kristen,Cambodia
752,Jacob,Wilson,wwatts@example.com,001-538-579-0754,80,New Davidmouth,Angola
753,Lisa,Williams,john17@example.com,001-527-692-6233x474,25,Julieton,Guatemala
754,Micheal,Bradford,billymoore@example.com,977-780-5324,56,Terrimouth,Zambia
755,Julia,Wright,elizabeth89@example.com,(824)911-9683,21,West Dianeberg,Poland
756,David,Ferguson,michael61@example.com,456-549-2664x43510,48,East Emily,Korea
757,Natalie,Griffith,jennifer15@example.net,3633609853,51,Dennisport,Rwanda
758,Matthew,Henderson,xnelson@example.net,(289)660-8263x0619,50,South Thomashaven,Jordan
759,Crystal,Miller,hschroeder@example.com,001-686-469-9251x37867,42,Sotofort,Gambia
760,Jennifer,Cook,elizabethball@example.net,235.643.2030x60056,74,Shermanmouth,Nigeria
761,Laura,Nelson,jennifer42@example.net,(362)581-6903,47,West Juan,Costa Rica
762,William,Freeman,brittanyvasquez@example.net,(276)282-5376,46,Ashleyfurt,Congo
763,Brandon,Riddle,soconnor@example.net,708.336.0593x0354,32,Adkinsbury,Palau
764,Susan,Orr,foleyamy@example.org,(358)407-8922,54,East Kaylachester,Burkina Faso
765,Meghan,Brown,emendoza@example.com,001-273-988-0988x83518,29,Jamesfurt,Spain
766,Austin,Lewis,nancy04@example.org,563-709-3274,57,Michaelburgh,Portugal
767,Gabriel,Odonnell,blackchristine@example.net,+1-478-540-2174x20596,42,Port Carlville,Niger
768,Matthew,Jones,shaungoodman@example.org,(840)849-8459x3627,72,Roberthaven,Bouvet Island (Bouvetoya)
769,Rebecca,Hill,clinton04@example.org,(889)751-0562,26,Port Vickistad,Sudan
770,Brett,Owens,loriwebster@example.net,001-434-866-7483,32,Jonesborough,Reunion
771,Cory,Martinez,robertsstephen@example.org,937-549-0644x9780,27,South Davidborough,India
772,Wesley,Carlson,trevinoashley@example.com,(398)724-8564,34,Jessehaven,Zimbabwe
773,Tammy,Mejia,wileylaura@example.org,(856)508-2731,21,Brandonfurt,United States Virgin Islands
774,Susan,Murray,athornton@example.com,+1-211-554-0218x4104,74,Brocktown,Sierra Leone
775,Justin,Johnson,melissa94@example.net,(336)288-2104,61,North Aprilland,India
776,David,Jackson,carrielong@example.net,529.847.5382x3322,24,Port Sharonfurt,Mexico
777,Gregory,Walker,sheppardanna@example.org,001-827-844-4875x6063,45,Alvarezside,Honduras
778,Taylor,Thompson,jacquelinepennington@example.net,293-678-5650,33,Lake Paulland,Saint Pierre and Miquelon
779,Bryan,Montes,montgomerydiana@example.org,692.910.5252,57,Lake Mindymouth,Reunion
780,Sandra,Morales,lwarner@example.org,001-527-249-6242x906,47,Lake Alicia,Ecuador
781,Jennifer,Ramirez,ronald16@example.com,(307)677-2962,42,East Sarah,Gibraltar
782,Michael,Baker,gabriel94@example.net,+1-624-388-0834x38823,66,Dianaview,French Guiana
783,Robert,Chavez,diazkristine@example.net,001-802-751-0335x21215,39,Joshuaville,Honduras
784,Ronald,Higgins,ldecker@example.org,593-567-3541,67,Smithchester,Morocco
785,James,Sanchez,amanda72@example.com,001-270-361-6150,22,Port Brandy,Denmark
786,Miranda,Greene,andrew62@example.org,001-399-888-6639,27,Lake Kathy,Maldives
787,Amanda,Franco,wangbenjamin@example.com,+1-615-472-5767x77592,74,South Jeremyside,Ghana
788,Debra,Klein,sawyerreginald@example.net,603.580.1770x46101,41,Lake Kara,Mali
789,Christopher,Silva,powersbrandon@example.org,001-946-898-3971x93073,38,Chadbury,Malta
790,Brian,Atkinson,kirbyfelicia@example.com,220-894-6784x937,77,Jimmyview,Swaziland
791,Rachel,Sullivan,jorgemason@example.org,451-575-0208,43,Matthewberg,Guadeloupe
792,Douglas,Krueger,mayala@example.com,3959447213,51,North Jasmineville,Timor-Leste
793,Susan,Johnson,hwhite@example.net,001-711-417-4750x9503,20,Susanside,Namibia
794,Shannon,Harvey,sparksamanda@example.com,(949)534-0421,63,Heatherton,Saint Kitts and Nevis
795,James,Medina,wrightmatthew@example.com,001-786-961-5080x4465,44,East Michaelaberg,Philippines
796,Deborah,Castillo,kingpeggy@example.com,6304786378,71,Bakerland,Thailand
797,Destiny,Schultz,valeriejohnson@example.net,(742)790-6057x1522,67,South Melissa,Togo
798,Courtney,Taylor,lopezjoseph@example.net,001-226-998-7387x7642,64,Alexanderhaven,Latvia
799,Danielle,Baird,phillipskelly@example.com,244-731-6514x329,28,Downsstad,Nauru
800,Jeffrey,Murphy,nolanvincent@example.net,(641)905-2589x2335,69,Lake Haleyshire,Poland
801,Robin,Rodgers,richardlopez@example.com,845-275-5629,62,Coopermouth,Latvia
802,Jennifer,Carter,jameskristina@example.net,802-825-2268,69,Robinsontown,Zambia
803,Holly,Wells,paul29@example.com,+1-820-623-5594,54,North Karenstad,Germany
804,James,Garcia,christina73@example.net,+1-328-420-7324x453,59,Ethanport,Serbia
805,Michael,Escobar,mcculloughmichelle@example.net,(725)322-8774,74,West Christina,Pitcairn Islands
806,Paul,Stone,beardwilliam@example.com,973-274-4608x39616,69,Port Sarah,Tanzania
807,Howard,Griffith,jason51@example.com,001-512-241-2599,79,Joshuaport,Namibia
808,Nina,Christensen,simmonschelsea@example.com,294.951.8475,54,Antoniohaven,Hong Kong
809,Timothy,Johnson,staylor@example.net,903-314-7052x316,49,South Sean,Mexico
810,Donald,Christian,davislisa@example.org,(367)548-2700,51,West Taylorside,Ghana
811,Rose,Barton,david00@example.com,001-316-504-0406x4726,29,Port Mark,Zambia
812,Patricia,Johnston,wallacemichael@example.com,805-765-3824,29,Karlmouth,French Southern Territories
813,Joseph,Watson,lmartin@example.net,(839)967-3961x059,46,Philipborough,Latvia
814,Craig,Blevins,gamblestephanie@example.org,001-884-695-1252,77,Brookeberg,Liechtenstein
815,Jeffrey,Castillo,ashleymurphy@example.net,(251)258-5133x3632,24,South Elizabethmouth,Malawi
816,Cheryl,Roman,joshua10@example.org,476.357.3551x1115,80,Jenniferberg,Congo
817,Kyle,Bailey,tbrown@example.com,738.405.9711x9712,57,Jamesstad,Burkina Faso
818,Kenneth,Young,jameswallace@example.net,+1-285-655-2529x8781,62,West Stevenmouth,Guatemala
819,Brittany,Shields,vsimon@example.com,(451)271-7310x79549,40,New Brittany,Bouvet Island (Bouvetoya)
820,April,Harper,timothywilson@example.net,+1-987-422-3444x75122,40,South Michaelburgh,Timor-Leste
821,Michael,Lane,kaylawilson@example.net,001-748-686-9119x379,78,Hartmanhaven,Georgia
822,Christopher,King,nicolemccarthy@example.net,665-569-0092x5403,46,Michellemouth,Saint Kitts and Nevis
823,Mariah,Robbins,antonio70@example.net,001-397-546-7631x90142,44,North Gary,Finland
824,Michelle,Johnson,tracy72@example.com,6379688158,36,Lake Heatherhaven,Gibraltar
825,Jeffrey,Brown,omarshea@example.com,001-330-317-7857x943,67,Davidstad,Liberia
826,Daniel,Young,shall@example.net,+1-746-336-0793x2288,48,Geraldshire,Tajikistan
827,Amy,Mahoney,bfinley@example.com,778.579.0220,59,West Lauren,Burundi
828,Kelly,Hubbard,gerald54@example.com,682.833.4004x903,24,South Robertfort,Lesotho
829,Paul,Brown,diane86@example.org,677.357.5053,26,Bowersshire,Liberia
830,Jose,Higgins,david40@example.com,243-961-2832,32,Johnsfort,Tuvalu
831,Amy,Daniels,vpace@example.net,+1-669-256-1939x5663,42,South Ashleystad,Svalbard & Jan Mayen Islands
832,Derek,Gonzalez,osanchez@example.com,+1-807-516-1541x44254,57,North Justinview,Slovakia (Slovak Republic)
833,Kristen,Johnson,tgarcia@example.net,+1-858-879-1823x4901,32,Joyceland,French Southern Territories
834,Lisa,Rose,qadams@example.org,+1-609-650-4209,45,Saraton,Suriname
835,Jennifer,Chapman,katrina68@example.net,(590)202-7516,40,Matthewstad,Malta
836,Margaret,Anderson,bakerrichard@example.org,823-573-8560x93065,70,West Kevinfurt,Tonga
837,Robert,Kelley,michelle73@example.org,7296619504,78,West Amanda,Poland
838,Christopher,Smith,anthonygordon@example.org,+1-866-400-8402,67,Lake Kenneth,Algeria
839,Lauren,Romero,zarmstrong@example.org,(795)290-7268x9545,41,Port Kellyland,Ecuador
840,Jackie,Beck,nroberts@example.com,(486)847-0986x1628,29,New Maria,Czech Republic
841,Crystal,Morris,ywilson@example.net,333-307-9675x7905,55,East Janet,Liberia
842,Justin,Oliver,rebecca33@example.com,952-652-5678x815,56,New Annatown,Paraguay
843,Matthew,Hughes,gwallace@example.com,745.671.4988x4114,73,Margaretland,Lesotho
844,Penny,Archer,hknight@example.net,857-446-7744x529,74,Jennifermouth,Sierra Leone
845,Danielle,Cook,matthew97@example.com,001-945-485-4321,70,Amandafort,Taiwan
846,Miguel,Becker,tina78@example.org,+1-862-545-5244x437,33,Port Davidbury,American Samoa
847,Calvin,Miller,daleclayton@example.org,5093334142,42,Jonesside,Greenland
848,Jennifer,Ross,amurray@example.org,834-532-2365,63,West Christopher,Sweden
849,Juan,Fernandez,lconner@example.org,246-581-6379,60,New James,Niue
850,Ashley,Williams,schwartznicholas@example.net,368-312-2868,55,Janicemouth,Ukraine
851,Charles,Berry,ffrey@example.net,+1-494-947-9005x4819,30,Munozborough,Christmas Island
852,Amy,Hoover,sonyaklein@example.net,399-989-1301x28639,38,Richardchester,Chile
853,Phyllis,Garcia,bfowler@example.net,5605662499,60,Lake Theresa,Bouvet Island (Bouvetoya)
854,Alexander,Johnson,jbolton@example.org,491.224.6427,25,Lake John,El Salvador
855,Cheryl,Mcclure,stoneandrew@example.org,920.682.8252x73079,38,Sanchezfort,Hungary
856,Gail,King,johnsonrebecca@example.com,+1-832-830-0622x6810,21,Charlesville,Belgium
857,Chelsea,Ryan,tshelton@example.com,553-588-5687,39,West Jacqueline,Mauritania
858,Jason,Sullivan,josephli@example.com,538-812-7371x82744,68,Port Pamelaton,Micronesia
859,Alyssa,Valencia,breanna88@example.org,903.991.6458,39,New Bradley,Japan
860,Brian,Black,colemankelly@example.com,(500)474-0517x7150,62,Stewartborough,Cayman Islands
861,James,Pitts,andreperkins@example.com,+1-534-981-8490x95486,37,South Kimberlyview,Bosnia and Herzegovina
862,Theresa,Walton,toddwright@example.net,+1-604-636-7939x42506,73,Port Bradley,Venezuela
863,Susan,Brown,bdouglas@example.org,393-767-4695x7483,78,Bartonburgh,Mauritania
864,Steven,Jackson,hawkinsderek@example.net,317-468-8738,78,Millerfurt,Hong Kong
865,Kyle,Montes,brianwest@example.net,273-716-9240,56,New Jennifer,China
866,Joshua,Hurley,michaellynn@example.org,367.525.5559,71,South Justinchester,Chad
867,Elizabeth,Hunt,sabrina21@example.net,+1-246-917-0737x07440,24,Lake Juanton,South Georgia and the South Sandwich Islands
868,Melissa,Wright,jonathansmith@example.org,409-929-5479,35,Catherineburgh,Russian Federation
869,Thomas,Ware,katherinejohnson@example.com,560.541.1867x03920,78,West Thomas,Malta
870,Vanessa,Hughes,edward97@example.org,561.663.9350,78,Gregoryberg,Burkina Faso
871,Julie,Lopez,vancestacey@example.net,866.897.5222x5201,75,Karenton,Palau
872,Jessica,Davis,johnsoncrystal@example.com,2803167756,31,Webbfurt,Sao Tome and Principe
873,Michelle,Allen,ifernandez@example.net,+1-920-254-7554x8082,69,South Madeline,Nepal
874,Susan,Morrow,cunninghamtimothy@example.org,001-787-728-0349x69072,63,Port Barbara,Bosnia and Herzegovina
875,Jasmine,Lee,thomasangela@example.net,(447)743-1400x09422,47,Port Kathleen,Sierra Leone
876,Steven,Edwards,kaitlynroman@example.com,(970)366-2518,57,New Angela,Slovenia
877,Angelica,Flowers,john32@example.org,001-249-569-2901,20,Burnsville,Aruba
878,Lori,Rosario,hgarcia@example.com,+1-417-261-0658x102,31,Mallorychester,Suriname
879,Adam,Allen,alexandrabaird@example.net,678.651.5373x1986,31,Justinborough,Oman
880,Erik,Green,kendrabrown@example.com,306.277.0014x5859,36,Port Daniel,Svalbard & Jan Mayen Islands
881,Christina,Hardy,gwalker@example.net,521.921.3081x7151,60,West Paula,American Samoa
882,Brian,Whitaker,gyork@example.net,+1-460-390-8547,26,East Katiemouth,British Indian Ocean Territory (Chagos Archipelago)
883,Scott,Castillo,david27@example.com,(862)963-3572x955,48,Garciafurt,Montenegro
884,Joshua,Perez,hernandezrobert@example.net,(739)591-3735,73,Danielberg,Dominican Republic
885,Stacie,Kelly,mwong@example.net,832-578-3513x28132,75,Lake Dwayne,Tunisia
886,Natalie,Cooper,kimberly15@example.org,950-780-1426,36,Angelaview,Gibraltar
887,Rachel,Gray,michelleortega@example.org,988.399.2617x2545,67,Port Rachaelfort,Venezuela
888,Lisa,Carpenter,kwatkins@example.com,324-796-6502,76,Lake Gary,Madagascar
889,Erin,Johnson,miguelarroyo@example.com,+1-777-893-8033x372,71,Matthewport,Tuvalu
890,Brent,Alvarez,russellamy@example.com,001-986-620-2599,19,East Danaside,Algeria
891,Timothy,Ho,marshallmichelle@example.com,(569)344-3147x25856,35,South Ericchester,Canada
892,Nathan,Gomez,christopherfry@example.net,+1-966-445-9075,51,Port Josephmouth,Peru
893,Christopher,Moss,xthompson@example.org,001-920-230-2754x6394,52,Waltersville,Central African Republic
894,Jennifer,Hawkins,itanner@example.com,898.874.9737,38,North Haley,Equatorial Guinea
895,Nicole,Knight,kimsteven@example.net,+1-268-979-3589,65,Leshire,Senegal
896,Christopher,Ford,kimberlyyoung@example.com,(285)402-1203x76365,76,Espinozaton,Suriname
897,Victor,Hamilton,ebrown@example.org,001-232-847-0493x512,53,Harrisshire,Jersey
898,Taylor,Dennis,weverett@example.org,(434)249-6626x77197,64,Davisland,Macao
899,John,Chen,kabbott@example.net,502-992-5312x29178,59,Krystalchester,Christmas Island
900,Denise,Ford,imartinez@example.net,001-451-945-5344x926,50,North Cassandraberg,New Zealand
901,April,Carter,tami71@example.com,526.764.4008x7484,70,North Matthew,Israel
902,Roger,Carlson,smithjames@example.org,744-746-8890x304,57,Shellyhaven,Thailand
903,Donna,Dunn,valenciadale@example.net,(377)396-9635,32,Jamesfurt,Iraq
904,Kenneth,Meza,mary03@example.com,690-271-3935x7829,27,Port Crystalborough,Central African Republic
905,Samantha,Johnson,pparker@example.net,(652)745-3029,63,Spearsborough,French Polynesia
906,Sheila,Perkins,kimberlyharris@example.com,(614)238-8791x7256,37,East Joshua,Nicaragua
907,Mathew,Hunt,thompsonmelissa@example.net,(420)388-4654x6776,49,West Adrian,Namibia
908,Gerald,Mcconnell,michaelhardy@example.com,001-700-956-9148,25,Port Christinatown,France
909,Kim,Wilson,andrewcook@example.com,688.931.9227,60,Parkerburgh,Slovenia
910,Paul,Duncan,qdyer@example.net,+1-432-403-5435x005,20,New Brucetown,Vietnam
911,Stephanie,Boyd,kaylaholmes@example.org,+1-408-956-5651,58,South Michael,Mayotte
912,Karen,Gould,rodriguezroy@example.net,4124023941,79,Lake Dawn,Denmark
913,Ashley,Keller,bakererica@example.org,(562)950-0415x91793,66,Susanburgh,Solomon Islands
914,Shirley,Robinson,martinsierra@example.org,678-709-8962x434,36,Hollyhaven,Hungary
915,Charles,Mccormick,jessica29@example.org,(340)547-3967x4420,78,Lake Williamstad,Solomon Islands
916,Jennifer,Reynolds,schristensen@example.com,001-369-413-2321x25495,59,South Beverly,Tunisia
917,Brianna,Martin,madison49@example.com,666-264-5144,51,Murrayton,Saint Martin
918,Veronica,Campbell,phelpsmark@example.org,719.768.6735,22,Hallport,New Zealand
919,Danielle,Hicks,jhodges@example.net,233.236.4348x614,51,Johnborough,Jordan
920,Wendy,Adams,erikawright@example.net,691-429-4929x59821,33,North Gailville,Saint Helena
921,Samantha,Brooks,hlopez@example.net,432.991.3902x9441,38,Jessicahaven,United States Virgin Islands
922,Jill,Johnson,hvazquez@example.org,626-817-4442x13850,73,Lake Ethan,Angola
923,Mary,Burgess,lisa28@example.org,795-824-0616,35,North Lisa,Suriname
924,Angela,Nelson,toddfields@example.com,(393)806-9746x03007,22,North Amandashire,Ecuador
925,Matthew,Lee,beckerdwayne@example.com,(505)570-5431x156,63,West Hollymouth,Palestinian Territory
926,Brittany,Hardin,katherine49@example.com,+1-967-500-9905x6651,45,Lake Angela,Mozambique
927,Alexis,Gill,christinewright@example.net,854-831-0988x7511,24,Port Meredithville,Nigeria
928,Jennifer,Ward,alison10@example.net,688.961.7391x588,42,Jimmyville,Saint Kitts and Nevis
929,Belinda,Conley,lindseymayo@example.org,+1-271-258-3505x411,32,New Grantchester,Bahamas
930,Katrina,Ayers,lindsay66@example.org,+1-268-719-2389x685,40,North Richard,Uzbekistan
931,Jesse,Mann,millerkaren@example.net,836-767-6534,19,North Reginaldton,Cayman Islands
932,Carol,Smith,martinlisa@example.com,+1-867-248-0114x2476,28,Carrollport,Cameroon
933,Edwin,Howard,jeffreymills@example.com,001-449-226-2720x14006,70,Chelseaport,Belize
934,Keith,Nichols,brittanybutler@example.org,733-827-3730,34,South Kimberly,Maldives
935,Angela,Martin,robertsroger@example.org,662-316-8137,55,Lake Michael,Honduras
936,Tiffany,Marquez,chad90@example.com,001-382-579-8480,65,South Paul,Sweden
937,Molly,Johnson,proy@example.com,249.877.2415x0037,18,Ashleyport,Moldova
938,Justin,Johnson,masondiana@example.net,+1-737-861-7880,47,Traceyfurt,Ethiopia
939,Christopher,Cain,rcarpenter@example.org,+1-288-641-2681x3588,20,Rebeccamouth,Iceland
940,Michelle,Brown,josephmcdonald@example.net,399.392.8491,47,Port Andrea,Turkey
941,Chad,Ross,jessica75@example.com,3912209490,79,Carlsonshire,Slovenia
942,Scott,Villegas,murrayjessica@example.org,001-933-380-4002x33900,70,North Kristenstad,Turkey
943,Charles,Nielsen,angelaroberts@example.org,666-885-1295x745,18,Amyhaven,Jordan
944,Ronald,Bradley,maria66@example.com,662-311-5723x310,69,Andersonside,Sierra Leone
945,Melissa,Cherry,lancesingh@example.com,001-279-284-8805,60,East Brettberg,Korea
946,Lauren,Sanchez,opatterson@example.org,919-827-3810,38,Doylefurt,United Arab Emirates
947,Christian,Jackson,johnsonterri@example.net,+1-381-863-4104x32847,22,Angelchester,Grenada
948,Kimberly,Schmidt,vaughananita@example.org,586.587.4499,75,Nicolehaven,Slovenia
949,Ryan,Hurley,dennis29@example.com,331.394.0938,68,North Jerry,Fiji
950,Stephanie,Ford,brittanysanchez@example.org,(662)945-2934,39,Lake Jeremy,Senegal
951,Chelsea,Lamb,daniellebailey@example.net,976-773-4022,46,North Clinton,Oman
952,Richard,Hanson,matthew16@example.org,+1-728-856-8036x5610,40,Danielburgh,United Kingdom
953,Charles,Carr,kirsten57@example.com,341-450-6175,35,East Saraburgh,Fiji
954,Joshua,Short,markvillanueva@example.org,5393121815,77,East Kathleen,Peru
955,Billy,Ford,lcox@example.org,(784)689-2439,30,East Willie,Uzbekistan
956,Lisa,Mooney,allisonallison@example.org,(342)998-5150,77,Cartershire,Anguilla
957,Olivia,Wood,twang@example.net,(241)506-0138,79,New Cathyfort,Costa Rica
958,Paul,Hicks,pachecojason@example.net,+1-260-752-2839,69,Port Sheila,Martinique
959,Alexandra,Swanson,jay85@example.com,(261)464-8595x8711,72,South Kurt,Taiwan
960,Richard,Richardson,ysmith@example.org,001-259-745-7660x1640,61,North Shaunside,Moldova
961,Tony,Sanders,carolbrown@example.org,001-900-860-5869x42441,19,East Mitchellhaven,Barbados
962,Karen,Pearson,gbray@example.net,(783)794-9682,68,Lake Robertchester,Montserrat
963,Victoria,Savage,rosalesdwayne@example.com,+1-745-618-4956x9815,59,Port Keith,Solomon Islands
964,Robert,Cummings,gouldsarah@example.net,464.741.3370,35,Rojasmouth,British Virgin Islands
965,Kristen,Long,yolandarodgers@example.net,(884)256-3199x52252,39,East Colleen,Gibraltar
966,Katherine,Moses,nicoledavis@example.com,593-422-3907x8298,19,Shawnburgh,Peru
967,Kenneth,Sullivan,qshannon@example.org,+1-960-303-2495x2162,50,South Eric,Egypt
968,Joshua,Gonzalez,gina80@example.net,(297)783-5081x67615,53,Moralesshire,Hong Kong
969,Robert,Mcclure,taradavis@example.org,308-821-8258,52,North Derekborough,Mauritania
970,Veronica,Miller,gina13@example.net,619-876-2585,56,Bookerport,British Virgin Islands
971,Tanya,Garcia,robertvalentine@example.com,+1-454-551-6445x3491,46,Zunigashire,Panama
972,Jennifer,Miller,kellyestrada@example.com,948-939-5506x8188,65,Petersonchester,Nepal
973,Rodney,Cuevas,kathrynschwartz@example.net,+1-774-559-1164x718,40,Alexandrafurt,Lesotho
974,Jennifer,Adams,myerschristian@example.net,(627)808-0164,56,Port Samantha,Malaysia
975,Jason,Clayton,cheryl33@example.net,624.507.8878x770,71,Michaelstad,Cape Verde
976,Cathy,Peterson,taylordean@example.org,+1-358-756-6149x978,43,South Michaelshire,Martinique
977,Terri,Schmidt,tmatthews@example.org,727.330.9419x2891,41,East Deborahville,Dominica
978,Amber,Harris,kimberly03@example.com,(942)505-1646x431,55,New Jennifermouth,Dominican Republic
979,Dominique,Rowland,ftownsend@example.com,354-375-0585,19,North Adrienne,Kuwait
980,Sarah,Johnson,samuel71@example.org,+1-255-684-5005,30,Lake Jacqueline,United Kingdom
981,Ashley,Butler,jasmineparker@example.com,(801)333-8651x80192,30,Denisemouth,Iran
982,Erik,Martin,mary75@example.org,+1-565-589-8420x02398,52,Danaberg,Togo
983,Sierra,Russell,nelsonnatalie@example.org,331-283-5168x4336,63,Davidville,Oman
984,Vincent,Thomas,rhonda22@example.com,001-561-711-0135x937,46,Clintonside,United States of America
985,Brenda,Aguilar,jose22@example.com,7265784758,42,Lake Courtneymouth,Liechtenstein
986,Anthony,Flores,lopezshelly@example.com,930-470-5437x250,42,South Heather,Western Sahara
987,Alexandra,Walsh,wallacelori@example.org,(688)972-3682x78135,26,Burtonmouth,Algeria
988,Jessica,Mcclure,sanderswanda@example.org,2264583993,48,Jeremytown,American Samoa
989,Melinda,Bishop,joseph80@example.net,981-575-6003x5094,80,Port Cynthiaton,Kenya
990,Katie,Green,kellyschneider@example.net,(435)369-9633x2534,49,Port Aaron,India
991,Theresa,Mercado,nathan89@example.net,285.446.0926x4390,45,Heatherbury,Turkmenistan
992,Karen,Hall,gwright@example.com,396-470-0934x89080,46,South Donald,Vietnam
993,April,Perry,michael85@example.org,(620)891-9099x9003,24,East Tammyberg,Netherlands
994,Tommy,Sanders,courtneygarcia@example.com,776.520.1519x801,63,New Jennifer,Cayman Islands
995,Kevin,Aguirre,xbryant@example.com,946.673.4607x2304,20,Martinezfurt,Serbia
996,Darrell,Maddox,brianrodriguez@example.net,+1-472-538-8404x18821,34,North Robertchester,China
997,Mitchell,Wright,thomasmichele@example.net,001-459-353-1214x73162,62,Lake Andreafort,Armenia
998,William,Juarez,kking@example.org,(329)249-2395x89097,37,Port Williambury,Romania
999,Kurt,Swanson,williamslauren@example.org,9766129075,29,West Amandaland,Faroe Islands
1000,Jeffrey,Hodge,joshua56@example.net,001-710-987-3246x7209,27,Port Rebeccaport,Puerto Rico
